id,line,owner,surface,control_or_selector,label,destination_or_callback,class,definition_status,evidence
C0001,1125,(static or inline template),global or containing function; exact owner/line retained,"<a class=""brand"" href=""#/courses"">",SG StudyGrid,#/courses,local navigation / exact scope supplied,FINAL OR RETAINED BASE / CONDITIONAL VISIBILITY — STATIC EVIDENCE,exact source href; dynamic values retained
C0002,1127,(static or inline template),global or containing function; exact owner/line retained,"<a class=""navlink"" href=""#/courses"">",Courses,#/courses,local navigation / exact scope supplied,FINAL OR RETAINED BASE / CONDITIONAL VISIBILITY — STATIC EVIDENCE,exact source href; dynamic values retained
C0003,1128,(static or inline template),global or containing function; exact owner/line retained,"<a class=""navlink"" href=""#/plan"">",Study,#/plan,local navigation / exact scope supplied,FINAL OR RETAINED BASE / CONDITIONAL VISIBILITY — STATIC EVIDENCE,exact source href; dynamic values retained
C0004,1129,(static or inline template),global or containing function; exact owner/line retained,"<a class=""navlink"" href=""#/profile"">",Profile,#/profile,local navigation / exact scope supplied,FINAL OR RETAINED BASE / CONDITIONAL VISIBILITY — STATIC EVIDENCE,exact source href; dynamic values retained
C0007,1137,(static or inline template),global or containing function; exact owner/line retained,"<a href=""#/courses"" data-mobile-nav=""courses"">",Courses,#/courses,local navigation / exact scope supplied,FINAL OR RETAINED BASE / CONDITIONAL VISIBILITY — STATIC EVIDENCE,exact source href; dynamic values retained
C0008,1138,(static or inline template),global or containing function; exact owner/line retained,"<a href=""#/plan"" id=""mobileStudyLink"" data-mobile-nav=""study"">",Study,#/plan,local navigation / exact scope supplied,FINAL OR RETAINED BASE / CONDITIONAL VISIBILITY — STATIC EVIDENCE,exact source href; dynamic values retained
C0009,1139,(static or inline template),global or containing function; exact owner/line retained,"<a href=""#/profile"" data-mobile-nav=""profile"">",Profile,#/profile,local navigation / exact scope supplied,FINAL OR RETAINED BASE / CONDITIONAL VISIBILITY — STATIC EVIDENCE,exact source href; dynamic values retained
C0072,1683,boundsNear,global or containing function; exact owner/line retained,"<a.x||a.y+a.height+gap<b.y||b.y+b.height+gap<a.y)}
function convexHull(points){if(points.length<4)return points;const p=[...points].sort((a,b)=>","a.x===b.x?a.y-b.y:a.x-b.x),cross=(o,a,b)=>(a.x-o.x)*(b.y-o.y)-(a.y-o.y)*(b.x-o.x),lo=[],hi=[];for(const x of p){while(lo.length>=2&&cross(lo.at(-2),lo.at(-1),x) =0;i--){const x=p[i];while(hi.length>=2&&cross(hi.at(-2),hi.at(-1),x) closeThreshold)return {points,closed:false};if(gap {x.beginPath();x.moveTo(pts[0].x,pts[0].y);for(let i=1;i ({x:p.x-scrollX,y:p.y-scrollY}))} function viewportBounds(b){return {x:b.x-scrollX,y:b.y-scrollY,width:b.width,height:b.height}} function drawReportAreas(currentPoints=null){const c=document.getElementById('reportMarkCanvas'),x=c?.getContext('2d');if(!x)return;x.clearRect(0,0,c.width,c.height);reportMarkState.areas.forEach((a,i)=>strokeLassoPath(x,viewportPoints(a.points),true,a.closed,i===reportMarkState.focusArea));if(currentPoints?.length>1)strokeLassoPath(x,viewportPoints(currentPoints),false,false);c.classList.toggle('settled',reportMarkState.areas.length>0);c.classList.toggle('area-focus',reportMarkState.focusArea!==null)} function focusReportArea(index){const area=reportMarkState.areas[index];if(!area)return;reportMarkState.focusArea=index;const y=Math.max(0,area.bounds.y-Math.max(150,innerHeight*.28));window.scrollTo({top:y,behavior:motionAllowed()?'smooth':'auto'});drawReportAreas();if(reportSelectionReviewMode)return;setTimeout(()=>{if(reportMarkState.focusArea===index){reportMarkState.focusArea=null;drawReportAreas()}},1700)} function liveItemBounds(item){const b=item?.node?.isConnected?tightElementBounds(item.node):item?.bounds;return b||null} function unionBounds(a,b){const x=Math.min(a.x,b.x),y=Math.min(a.y,b.y),r=Math.max(a.x+a.width,b.x+b.width),bt=Math.max(a.y+a.height,b.y+b.height);return {x,y,width:r-x,height:bt-y}} function groupNearbyItemBounds(bounds,gap=10){const groups=[];for(const b of bounds){let idx=groups.findIndex(g=>boundsNear(g,b,gap));if(idx =0;i--){if(i!==idx&&boundsNear(groups[idx],groups[i],gap)){groups[idx]=unionBounds(groups[idx],groups[i]);groups.splice(i,1);if(i x.remove());const shell=document.getElementById('reportMarkShell');groupNearbyItemBounds(reportMarkState.items.map(liveItemBounds).filter(Boolean),10).forEach(b=>{const d=document.createElement('div');d.className='report-target-multi merged';d.style.left=`${b.x-5}px`;d.style.top=`${b.y-4}px`;d.style.width=`${Math.max(24,b.width+10)}px`;d.style.height=`${Math.max(24,b.height+8)}px`;shell.appendChild(d)});updateReportItemModeLabel()} function serializableItem(item){const b=liveItemBounds(item);return {mode:'item',label:item.label,tag:item.tag,elementPath:item.elementPath,bounds:{x:Math.round(b.x+scrollX),y:Math.round(b.y+scrollY),width:b.width,height:b.height},route:item.route}} function showReportTarget(bounds,selection){const outline=document.getElementById('reportTargetOutline'),bubble=document.getElementById('reportMarkBubble');if(!outline||!bubble||!bounds)return;if(selection?.mode==='circle'||selection?.mode==='areas'||selection?.mode==='items')outline.classList.add('hidden');else{outline.classList.remove('hidden');outline.style.left=`${bounds.x-4}px`;outline.style.top=`${bounds.y-4}px`;outline.style.width=`${Math.max(28,bounds.width+8)}px`;outline.style.height=`${Math.max(28,bounds.height+8)}px`}bubble.classList.remove('hidden');bubble.style.left=`${Math.min(innerWidth-190,Math.max(10,bounds.x+bounds.width-30))}px`;bubble.style.top=`${Math.min(innerHeight-64,Math.max(62,bounds.y+bounds.height+10))}px`;reportMarkState.target=selection} function toggleReportItem(el){const sel=describeElement(el);if(!sel)return;const idx=reportMarkState.items.findIndex(x=>x.node===sel.node);if(idx>=0)reportMarkState.items.splice(idx,1);else reportMarkState.items.push(sel);renderMultiTargets();updateReportMarkSelection();renderSelectedItemsPanel(false)} function clearReportTarget(clearAreas=true){document.getElementById('reportTargetOutline')?.classList.add('hidden');document.getElementById('reportMarkBubble')?.classList.add('hidden');document.querySelectorAll('.report-target-multi').forEach(x=>x.remove());reportMarkState.target=null;reportMarkState.items=[];if(clearAreas)reportMarkState.areas=[];updateReportItemModeLabel();const use=document.getElementById('reportUseTarget');if(use)use.textContent='Use selection'} const REPORT_SCREENSHOT_MAX_BYTES=12*1024*1024,REPORT_SCREENSHOT_MAX_PIXELS=40_000_000,REPORT_SCREENSHOT_MAX_DATA_URL=850000; function validateScreenshotFile(file){if(!file)return null;if(!String(file.type||'').startsWith('image/'))return 'Choose an image file for the screenshot.';if(Number(file.size||0)>REPORT_SCREENSHOT_MAX_BYTES)return 'That screenshot is too large. Choose an image under 12 MB.';return null} function compressScreenshot(file){return new Promise((resolve,reject)=>{if(!file){resolve(null);return}const invalid=validateScreenshotFile(file);if(invalid){reject(new Error(invalid));return}const reader=new FileReader();reader.onerror=()=>reject(new Error('Could not read that screenshot.'));reader.onload=()=>{const img=new Image();img.onerror=()=>reject(new Error('That file could not be decoded as an image.'));img.onload=()=>{if(!img.width||!img.height){reject(new Error('That screenshot has invalid dimensions.'));return}if(img.width*img.height>REPORT_SCREENSHOT_MAX_PIXELS){reject(new Error('That screenshot is too high-resolution. Choose a smaller image.'));return}const maxW=1100,scale=Math.min(1,maxW/img.width);const c=document.createElement('canvas');c.width=Math.max(1,Math.round(img.width*scale));c.height=Math.max(1,Math.round(img.height*scale));const x=c.getContext('2d');if(!x){reject(new Error('This browser could not prepare the screenshot.'));return}x.drawImage(img,0,0,c.width,c.height);let data='';for(const quality of [.68,.56,.44]){data=c.toDataURL('image/jpeg',quality);if(data.length =REPORT_SCREENSHOT_MAX_DATA_URL){reject(new Error('That screenshot is still too large after compression. Choose a smaller crop.'));return}resolve({name:'feedback-screenshot.jpg',size:file.size,dataUrl:data,stored:true})};img.src=reader.result};reader.readAsDataURL(file)})} let studyTimerInterval=null,activeStudyHeartbeat=null,gardenCueTimeout=null,gardenCueWarmupTimeout=null,gardenCueIndex=0,lastUserActivityAt=Date.now(),idleWatchInterval=null; function planTimerLabel(){return state.plan.duration===60?'Deep · 60+ min':state.plan.duration===30?'Focused · 30 min':'Quick · 15 min'} function formatElapsed(ms){const total=Math.max(0,Math.floor(ms/1000)),m=Math.floor(total/60),s=total%60;return `${String(m).padStart(2,'0')}:${String(s).padStart(2,'0')}`} function activeStudyEligible(s,now=Date.now()){return !!s&&s.status!=='paused'&&document.visibilityState==='visible'&&(now-lastUserActivityAt) Date.parse(x.endedAt||0)>=cutoff).reduce((sum,x)=>sum+Number(x.activeMs??x.elapsedMs??0),0);return completed+(state.currentSession?activeSessionElapsed(state.currentSession):0)} function tickActiveStudyClock(){const s=state.currentSession;if(!s?.startedAt)return;const now=Date.now(),prev=Number(s.activeTickAt||now),delta=Math.max(0,Math.min(15000,now-prev));if(activeStudyEligible(s,now))s.activeMs=Number(s.activeMs||0)+delta;s.activeTickAt=now} function persistActiveStudyClock(){if(!storageOK||!state.currentSession||!storageWriteIsCurrent())return;try{writeStateToStorage()}catch(_){storageOK=false;showStorageNotice('Study time could not be saved because device storage became unavailable.')}} function updateStudyTimer(){ const shell=document.getElementById('studyTimerShell'),mini=document.getElementById('studyTimerMini'),s=state.currentSession,dock=document.getElementById('quizTimerDock'),inline=document.getElementById('quizInlineClock'),pausedBar=document.getElementById('pausedQuizBar'); if(pausedBar){ if(s?.status==='paused'&&!dock){ const qn=Math.min((s.index||0)+1,s.questionIds?.length||1),total=s.questionIds?.length||1,time=formatElapsed(activeSessionElapsed(s)); pausedBar.innerHTML=` Quiz paused Question ${qn} of ${total} · ${time} Resume Options `; pausedBar.classList.remove('hidden'); pausedBar.querySelector('[data-resume-paused]')?.addEventListener('click',resumePausedQuiz,{once:true}); pausedBar.querySelector('[data-paused-options]')?.addEventListener('click',openSessionActions,{once:true}); }else pausedBar.classList.add('hidden'); } shell?.classList.add('hidden');mini?.classList.add('hidden');shell?.classList.remove('docked'); if(dock)dock.classList.toggle('hidden',!s?.startedAt||!state.showStudyTimer); if(inline&&s?.startedAt&&state.showStudyTimer){inline.textContent=formatElapsed(activeSessionElapsed(s));inline.setAttribute('data-status',s.status||'active')} } function gardenCueMarkup(kind){ if(kind==='water')return ` `; if(kind==='groundhog')return ` `; return ` ` } function playGardenCue(){if(!state.currentSession||state.currentSession.status==='paused'||!motionAllowed()||!state.gardenCues)return;const host=document.getElementById('gardenCue');if(!host)return;const kinds=['shovel','water','groundhog'];const kind=kinds[gardenCueIndex++%kinds.length];host.innerHTML=gardenCueMarkup(kind);host.classList.remove('active');void host.offsetWidth;host.classList.add('active');setTimeout(()=>host.classList.remove('active'),5000)} function scheduleGardenCue(){clearTimeout(gardenCueTimeout);if(!state.currentSession||state.currentSession.status==='paused'||!motionAllowed()||!state.gardenCues)return;const delay=150000+Math.floor(Math.random()*30001);gardenCueTimeout=setTimeout(()=>{playGardenCue();scheduleGardenCue()},delay)} function autoPauseCurrentSession(reason,pausedAt=new Date().toISOString()){const s=state.currentSession;if(!s||s.status==='paused')return false;s.status='paused';s.pausedAt=pausedAt;s.autoPausedReason=reason;persist('session auto-paused');syncStudyTimer();const route=parseRoute().parts;if(route[0]==='course'&&route[2]==='study')render();return true} function noteUserActivity(){tickActiveStudyClock();lastUserActivityAt=Date.now();if(state.currentSession)state.currentSession.activeTickAt=Date.now()} ['pointerdown','keydown','touchstart','wheel'].forEach(evt=>window.addEventListener(evt,noteUserActivity,{passive:true})); window.addEventListener('focus',noteUserActivity); document.addEventListener('visibilitychange',()=>{tickActiveStudyClock();persistActiveStudyClock()});window.addEventListener('beforeunload',()=>{tickActiveStudyClock();persistActiveStudyClock()}); function syncStudyTimer(){clearInterval(studyTimerInterval);clearInterval(activeStudyHeartbeat);clearTimeout(gardenCueTimeout);clearTimeout(gardenCueWarmupTimeout);gardenCueWarmupTimeout=null;updateStudyTimer();if(state.currentSession?.startedAt){studyTimerInterval=setInterval(updateStudyTimer,1000);activeStudyHeartbeat=setInterval(()=>{tickActiveStudyClock();persistActiveStudyClock()},15000);if(state.currentSession.status!=='paused'){gardenCueWarmupTimeout=setTimeout(()=>{gardenCueWarmupTimeout=null;if(state.currentSession&&state.currentSession.status!=='paused')playGardenCue()},1400);scheduleGardenCue()}}} function setEntryMode(r){const entry=['welcome','tour','access','start'].includes(r.parts[0]);document.body.classList.toggle('entry-mode',entry)} function renderWelcome(){ root.innerHTML=` SG StudyGrid Lear n the class. Be ready for the test. Your class material, practice and questions, together. Try StudyGrid Take a quick tour Sign in",None,"parent/up (destination, not history, unless callback says history)",FINAL OR RETAINED BASE / CONDITIONAL VISIBILITY — STATIC EVIDENCE,exact source href; dynamic values retained
C0077,1749,renderWelcome,/welcome,"<a class=""btn linkish"" id=""welcomeSignIn"" href=""#/access/login"">",Sign in,#/access/login,global/entry,SUPERSEDED / NOT FINAL CONTROL PATH,exact source href; dynamic values retained
C0078,1749,renderWelcome,/welcome,"<a href=""#/tour/instructor"">",See the instructor tour,#/tour/instructor,global/entry,SUPERSEDED / NOT FINAL CONTROL PATH,exact source href; dynamic values retained
C0098,1928,renderProductTour,/tour | /tour/instructor; index/dialog-local,"<a class=""tour-skip"" id=""tourSkip"" href=""#/start"">",Skip tour,#/start,local navigation / exact scope supplied,FINAL OR RETAINED BASE / CONDITIONAL VISIBILITY — STATIC EVIDENCE,exact source href; dynamic values retained
C0099,1940,renderInstructorProductTour,/workspace/instructor/class/:classId/:tab or instructor demo,"<a class=""tour-skip"" href=""#/workspace/instructor"">",Skip to instructor demo,#/workspace/instructor,local navigation / exact scope supplied,SUPERSEDED / NOT FINAL CONTROL PATH,exact source href; dynamic values retained
C0115,2019,renderLocalCourseRoute,/course/:localId/overview|material|study,"<a class=""btn small"" href=""#/course/${c.id}/overview"">",Overview,#/course/${c.id}/overview,local navigation / exact scope supplied,FINAL OR RETAINED BASE / CONDITIONAL VISIBILITY — STATIC EVIDENCE,exact source href; dynamic values retained
C0116,2019,renderLocalCourseRoute,/course/:localId/overview|material|study,"<a class=""btn small"" href=""#/course/${c.id}/study"">",Study,#/course/${c.id}/study,local navigation / exact scope supplied,FINAL OR RETAINED BASE / CONDITIONAL VISIBILITY — STATIC EVIDENCE,exact source href; dynamic values retained
C0118,2021,renderLocalOverview,/course/:localId/overview|material|study,"<a class=""btn primary"" data-sg-primary=""true"" data-local-study-action href=""#/course/${c.id}/study"">",Start studying,#/course/${c.id}/study,local navigation / exact scope supplied,FINAL OR RETAINED BASE / CONDITIONAL VISIBILITY — STATIC EVIDENCE,exact source href; dynamic values retained
C0119,2021,renderLocalOverview,/course/:localId/overview|material|study,"<a class=""btn"" data-local-material-action href=""#/course/${c.id}/material"">",Edit material,#/course/${c.id}/material,local navigation / exact scope supplied,FINAL OR RETAINED BASE / CONDITIONAL VISIBILITY — STATIC EVIDENCE,exact source href; dynamic values retained
C0120,2021,renderLocalOverview,/course/:localId/overview|material|study,"<a class=""btn primary"" data-sg-primary=""true"" data-local-material-action href=""#/course/${c.id}/material"">",Bring in notes/material,#/course/${c.id}/material,local navigation / exact scope supplied,FINAL OR RETAINED BASE / CONDITIONAL VISIBILITY — STATIC EVIDENCE,exact source href; dynamic values retained
C0126,2022,renderLocalMaterial,/course/:localId/overview|material|study,"<a class=""btn"" href=""#/course/${c.id}/overview"">",Cancel,#/course/${c.id}/overview,local navigation / exact scope supplied,FINAL OR RETAINED BASE / CONDITIONAL VISIBILITY — STATIC EVIDENCE,exact source href; dynamic values retained
C0127,2023,renderLocalStudy,/course/:localId/overview|material|study,"<a class=""btn primary"" data-sg-primary=""true"" data-local-material-action href=""#/course/${c.id}/material"">",Bring in notes/material,#/course/${c.id}/material,local navigation / exact scope supplied,FINAL OR RETAINED BASE / CONDITIONAL VISIBILITY — STATIC EVIDENCE,exact source href; dynamic values retained
C0129,2023,renderLocalStudy,/course/:localId/overview|material|study,"<a class=""btn"" href=""#/course/${c.id}/material"">",Edit material,#/course/${c.id}/material,local navigation / exact scope supplied,FINAL OR RETAINED BASE / CONDITIONAL VISIBILITY — STATIC EVIDENCE,exact source href; dynamic values retained
C0130,2023,renderLocalStudy,/course/:localId/overview|material|study,"<a class=""btn"" href=""#/course/${c.id}/overview"">",Back to overview,#/course/${c.id}/overview,"parent/up (destination, not history, unless callback says history)",FINAL OR RETAINED BASE / CONDITIONAL VISIBILITY — STATIC EVIDENCE,exact source href; dynamic values retained
C0134,2031,renderNotFound,global or containing function; exact owner/line retained,"<a class=""btn primary"" href=""#/courses"">",Go to courses,#/courses,local navigation / exact scope supplied,FINAL OR RETAINED BASE / CONDITIONAL VISIBILITY — STATIC EVIDENCE,exact source href; dynamic values retained
C0135,2031,renderNotFound,global or containing function; exact owner/line retained,"<a class=""btn"" href=""#/profile"">",Open profile,#/profile,local navigation / exact scope supplied,FINAL OR RETAINED BASE / CONDITIONAL VISIBILITY — STATIC EVIDENCE,exact source href; dynamic values retained
C0136,2106,armContextHelp,global or containing function; exact owner/line retained,"<a class=""btn small"" href=""${x.href}"">",${esc(x.label)},${x.href},command/state (see exact callback); not presumed dead,FINAL OR RETAINED BASE / CONDITIONAL VISIBILITY — STATIC EVIDENCE,exact source href; dynamic values retained
C0138,2132,renderCourses,/courses,"<a class=""btn primary"" id=""addLocalClass"" data-sg-primary=""true"" href=""#/courses/add"">",Add a class,#/courses/add,local navigation / exact scope supplied,FINAL OR RETAINED BASE / CONDITIONAL VISIBILITY — STATIC EVIDENCE,exact source href; dynamic values retained
C0143,2137,treeHomePreviewMarkup,global or containing function; exact owner/line retained,"<a class=""tree-home-link"" href=""#/course/pfp207/tree"">",Open tree record →,#/course/pfp207/tree,local navigation / exact scope supplied,FINAL OR RETAINED BASE / CONDITIONAL VISIBILITY — STATIC EVIDENCE,exact source href; dynamic values retained
C0145,2141,renderCourseRoute,/course/:id/:view (demo course shell),"<a href=""#/course/${c.id}/overview"">",Overview,#/course/${c.id}/overview,local navigation / exact scope supplied,FINAL OR RETAINED BASE / CONDITIONAL VISIBILITY — STATIC EVIDENCE,exact source href; dynamic values retained
C0146,2141,renderCourseRoute,/course/:id/:view (demo course shell),"<a href=""#/course/${c.id}/study"">",Study,#/course/${c.id}/study,local navigation / exact scope supplied,FINAL OR RETAINED BASE / CONDITIONAL VISIBILITY — STATIC EVIDENCE,exact source href; dynamic values retained
C0147,2141,renderCourseRoute,/course/:id/:view (demo course shell),"<a href=""#/course/${c.id}/tree"">",Your tree,#/course/${c.id}/tree,local navigation / exact scope supplied,FINAL OR RETAINED BASE / CONDITIONAL VISIBILITY — STATIC EVIDENCE,exact source href; dynamic values retained
C0148,2141,renderCourseRoute,/course/:id/:view (demo course shell),"<a href=""#/course/${c.id}/class"">",Class,#/course/${c.id}/class,local navigation / exact scope supplied,FINAL OR RETAINED BASE / CONDITIONAL VISIBILITY — STATIC EVIDENCE,exact source href; dynamic values retained
C0149,2141,renderCourseRoute,/course/:id/:view (demo course shell),"<a href=""#/course/${c.id}/scenario"">",Scenario lab,#/course/${c.id}/scenario,local navigation / exact scope supplied,FINAL OR RETAINED BASE / CONDITIONAL VISIBILITY — STATIC EVIDENCE,exact source href; dynamic values retained
C0150,2141,renderCourseRoute,/course/:id/:view (demo course shell),"<a href=""#/courses"">",All courses,#/courses,"parent/up (destination, not history, unless callback says history)",FINAL OR RETAINED BASE / CONDITIONAL VISIBILITY — STATIC EVIDENCE,exact source href; dynamic values retained
C0151,2144,renderCourseRoute,/course/:id/:view (demo course shell),"<a class=""btn primary"" href=""#/course/${c.id}/overview"">",Course overview,#/course/${c.id}/overview,local navigation / exact scope supplied,FINAL OR RETAINED BASE / CONDITIONAL VISIBILITY — STATIC EVIDENCE,exact source href; dynamic values retained
C0152,2148,renderOverview,global or containing function; exact owner/line retained,"<a class=""btn"" href=""#/courses"">",Back to courses,#/courses,"parent/up (destination, not history, unless callback says history)",FINAL OR RETAINED BASE / CONDITIONAL VISIBILITY — STATIC EVIDENCE,exact source href; dynamic values retained
C0153,2151,renderOverview,global or containing function; exact owner/line retained,"<a class=""btn small"" href=""#/course/${c.id}/tree"">",Open learning tree record,#/course/${c.id}/tree,local navigation / exact scope supplied,FINAL OR RETAINED BASE / CONDITIONAL VISIBILITY — STATIC EVIDENCE,exact source href; dynamic values retained
C0158,2151,renderOverview,global or containing function; exact owner/line retained,"<a class=""btn primary"" href=""#/course/${c.id}/study/test"">",Start this plan,#/course/${c.id}/study/test,local navigation / exact scope supplied,FINAL OR RETAINED BASE / CONDITIONAL VISIBILITY — STATIC EVIDENCE,exact source href; dynamic values retained
C0159,2151,renderOverview,global or containing function; exact owner/line retained,"<a class=""btn small"" href=""#/course/${c.id}/class"">",See the change,#/course/${c.id}/class,local navigation / exact scope supplied,FINAL OR RETAINED BASE / CONDITIONAL VISIBILITY — STATIC EVIDENCE,exact source href; dynamic values retained
C0162,2171,renderTreeTopicDetail,/course/:id/tree/:topicId,"<a class=""btn small"" href=""#/course/${c.id}/tree"">",All topics,#/course/${c.id}/tree,local navigation / exact scope supplied,SUPERSEDED / NOT FINAL CONTROL PATH,exact source href; dynamic values retained
C0163,2171,renderTreeTopicDetail,/course/:id/tree/:topicId,"<a class=""btn primary"" href=""#/course/${c.id}/study"">",Study this topic,#/course/${c.id}/study,local navigation / exact scope supplied,SUPERSEDED / NOT FINAL CONTROL PATH,exact source href; dynamic values retained
C0164,2171,renderTreeTopicDetail,/course/:id/tree/:topicId,"<a class=""btn"" href=""#/course/${c.id}/sources"">",Learn,#/course/${c.id}/sources,local navigation / exact scope supplied,SUPERSEDED / NOT FINAL CONTROL PATH,exact source href; dynamic values retained
C0167,2219,teacherSourceUpdateMarkup,global or containing function; exact owner/line retained,"<a class=""btn small"" href=""#/course/${c.id}/class"">",View in class,#/course/${c.id}/class,local navigation / exact scope supplied,FINAL OR RETAINED BASE / CONDITIONAL VISIBILITY — STATIC EVIDENCE,exact source href; dynamic values retained
C0168,2220,teacherSourceUpdateMarkup,global or containing function; exact owner/line retained,"<a class=""btn small"" href=""#/course/${c.id}/notes/${esc(note.id)}"">",Open class notes,#/course/${c.id}/notes/${esc(note.id)},local navigation / exact scope supplied,FINAL OR RETAINED BASE / CONDITIONAL VISIBILITY — STATIC EVIDENCE,exact source href; dynamic values retained
C0171,2231,studySupportMarkup,global or containing function; exact owner/line retained,"<a class=""btn primary"" href=""#/profile/notes"">",Open notes & questions,#/profile/notes,local navigation / exact scope supplied,FINAL OR RETAINED BASE / CONDITIONAL VISIBILITY — STATIC EVIDENCE,exact source href; dynamic values retained
C0172,2231,studySupportMarkup,global or containing function; exact owner/line retained,"<a class=""btn"" href=""#/course/${c.id}/class"">",Open class,#/course/${c.id}/class,local navigation / exact scope supplied,FINAL OR RETAINED BASE / CONDITIONAL VISIBILITY — STATIC EVIDENCE,exact source href; dynamic values retained
C0173,2231,studySupportMarkup,global or containing function; exact owner/line retained,"<a class=""btn"" href=""#/course/${c.id}/contribute"">",Contribute class material,#/course/${c.id}/contribute,local navigation / exact scope supplied,FINAL OR RETAINED BASE / CONDITIONAL VISIBILITY — STATIC EVIDENCE,exact source href; dynamic values retained
C0190,2247,studyCalendarMarkup,global or containing function; exact owner/line retained,"<a class=""btn small"" href=""#/courses"">",Find / switch class,#/courses,local navigation / exact scope supplied,FINAL OR RETAINED BASE / CONDITIONAL VISIBILITY — STATIC EVIDENCE,exact source href; dynamic values retained
C0193,2254,renderClassNotes,/course/:id/notes/:noteId,"<a class=""btn"" href=""#/course/${c.id}/study/learn"">",Back to Learn,#/course/${c.id}/study/learn,"parent/up (destination, not history, unless callback says history)",FINAL OR RETAINED BASE / CONDITIONAL VISIBILITY — STATIC EVIDENCE,exact source href; dynamic values retained
C0194,2254,renderClassNotes,/course/:id/notes/:noteId,"<a class=""btn small"" aria-current=""${n.id===note.id?'page':'false'}"" href=""#/course/${c.id}/notes/${esc(n.id)}"">",${esc(n.date)} · ${esc(n.title)},#/course/${c.id}/notes/${esc(n.id)},local navigation / exact scope supplied,FINAL OR RETAINED BASE / CONDITIONAL VISIBILITY — STATIC EVIDENCE,exact source href; dynamic values retained
C0199,2254,renderClassNotes,/course/:id/notes/:noteId,"<a class=""btn"" href=""#/profile/notes"">",Notes & questions,#/profile/notes,local navigation / exact scope supplied,FINAL OR RETAINED BASE / CONDITIONAL VISIBILITY — STATIC EVIDENCE,exact source href; dynamic values retained
C0201,2275,assessmentCardMarkup,global or containing function; exact owner/line retained,"<a class=""btn"" href=""#/course/${c.id}/class"">",Open class,#/course/${c.id}/class,local navigation / exact scope supplied,FINAL OR RETAINED BASE / CONDITIONAL VISIBILITY — STATIC EVIDENCE,exact source href; dynamic values retained
C0202,2281,studyTodayMarkup,global or containing function; exact owner/line retained,"<a href=""#/course/${c.id}/study/learn"">",Continue ${next?esc(next.note.date+' · '+next.section.title):'Class notes complete'},#/course/${c.id}/study/learn,local navigation / exact scope supplied,FINAL OR RETAINED BASE / CONDITIONAL VISIBILITY — STATIC EVIDENCE,exact source href; dynamic values retained
C0203,2281,studyTodayMarkup,global or containing function; exact owner/line retained,"<a href=""#/course/${c.id}/study/test"">","Next test ${a?esc(a.title+' · '+new Intl.DateTimeFormat('en-CA',{month:'short',day:'numeric'}).format(new Date(a.date))):'No assessment attached'} ${r?esc(r.label):''}",#/course/${c.id}/study/test,local navigation / exact scope supplied,FINAL OR RETAINED BASE / CONDITIONAL VISIBILITY — STATIC EVIDENCE,exact source href; dynamic values retained
C0204,2281,studyTodayMarkup,global or containing function; exact owner/line retained,"<a href=""#/course/${c.id}/study/support"">",Support ${openQuestions?`${openQuestions} open question${openQuestions===1?'':'s'}`:'No open teacher questions'},#/course/${c.id}/study/support,local navigation / exact scope supplied,FINAL OR RETAINED BASE / CONDITIONAL VISIBILITY — STATIC EVIDENCE,exact source href; dynamic values retained
C0212,2291,renderStudyStart,/course/:id/study/:purpose|topicId,"<a class=""btn linkish"" href=""#/course/${c.id}/sources"">",Browse lessons,#/course/${c.id}/sources,local navigation / exact scope supplied,FINAL OR RETAINED BASE / CONDITIONAL VISIBILITY — STATIC EVIDENCE,exact source href; dynamic values retained
C0221,2294,renderStudyStart,/course/:id/study/:purpose|topicId,"<a href=""#/course/${c.id}/study/learn"" aria-current=""${view==='learn'?'page':'false'}"">",Learn Notes & lessons,#/course/${c.id}/study/learn,sibling/cross-mode,FINAL OR RETAINED BASE / CONDITIONAL VISIBILITY — STATIC EVIDENCE,exact source href; dynamic values retained
C0222,2294,renderStudyStart,/course/:id/study/:purpose|topicId,"<a href=""#/course/${c.id}/study/test"" aria-current=""${view==='test'?'page':'false'}"">",Test Recall & quiz prep,#/course/${c.id}/study/test,sibling/cross-mode,FINAL OR RETAINED BASE / CONDITIONAL VISIBILITY — STATIC EVIDENCE,exact source href; dynamic values retained
C0223,2294,renderStudyStart,/course/:id/study/:purpose|topicId,"<a href=""#/course/${c.id}/study/support"" aria-current=""${view==='support'?'page':'false'}"">",Support Teacher & class,#/course/${c.id}/study/support,sibling/cross-mode,FINAL OR RETAINED BASE / CONDITIONAL VISIBILITY — STATIC EVIDENCE,exact source href; dynamic values retained
C0255,2417,annotationShortcutMarkup,global or containing function; exact owner/line retained,"<a class=""annotation-shortcut"" href=""#/profile/notes"">",✎ Notes & questions,#/profile/notes,local navigation / exact scope supplied,FINAL OR RETAINED BASE / CONDITIONAL VISIBILITY — STATIC EVIDENCE,exact source href; dynamic values retained
C0269,2520,renderSessionSummary,/course/:id/study; session state,"<a class=""btn"" href=""#/course/${c.id}/overview"">",Back to course,#/course/${c.id}/overview,"parent/up (destination, not history, unless callback says history)",FINAL OR RETAINED BASE / CONDITIONAL VISIBILITY — STATIC EVIDENCE,exact source href; dynamic values retained
C0276,2536,renderClass,global or containing function; exact owner/line retained,"<a class=""btn"" href=""#/course/${c.id}/contribute"">",Open contributions,#/course/${c.id}/contribute,local navigation / exact scope supplied,FINAL OR RETAINED BASE / CONDITIONAL VISIBILITY — STATIC EVIDENCE,exact source href; dynamic values retained
C0283,2562,renderSources,/course/:id/sources/:mode,"<a class=""learn-tab"" aria-current=""${mode==='adaptive'?'page':'false'}"" href=""#/course/${c.id}/sources/adaptive"">",Adaptive,#/course/${c.id}/sources/adaptive,local navigation / exact scope supplied,FINAL OR RETAINED BASE / CONDITIONAL VISIBILITY — STATIC EVIDENCE,exact source href; dynamic values retained
C0284,2562,renderSources,/course/:id/sources/:mode,"<a class=""learn-tab"" aria-current=""${mode==='chapters'?'page':'false'}"" href=""#/course/${c.id}/sources/chapters"">",Chapters,#/course/${c.id}/sources/chapters,local navigation / exact scope supplied,FINAL OR RETAINED BASE / CONDITIONAL VISIBILITY — STATIC EVIDENCE,exact source href; dynamic values retained
C0285,2562,renderSources,/course/:id/sources/:mode,"<a class=""learn-tab"" aria-current=""${mode==='all'?'page':'false'}"" href=""#/course/${c.id}/sources/all"">",All topics,#/course/${c.id}/sources/all,local navigation / exact scope supplied,FINAL OR RETAINED BASE / CONDITIONAL VISIBILITY — STATIC EVIDENCE,exact source href; dynamic values retained
C0288,2571,lessonMarkup,/course/:id/sources/:mode,"<a class=""btn small"" style=""margin-top:8px"" href=""#/course/${c.id}/study/test"">",Practise in Quiz,#/course/${c.id}/study/test,local navigation / exact scope supplied,FINAL OR RETAINED BASE / CONDITIONAL VISIBILITY — STATIC EVIDENCE,exact source href; dynamic values retained
C0290,2593,renderPlan,/plan,"<a class=""btn primary"" href=""#/course/${c.id}/study/learn"">",${next?'Continue learning':'Open class'},#/course/${c.id}/study/learn,local navigation / exact scope supplied,FINAL OR RETAINED BASE / CONDITIONAL VISIBILITY — STATIC EVIDENCE,exact source href; dynamic values retained
C0291,2593,renderPlan,/plan,"<a class=""btn"" href=""#/course/${c.id}/overview"">",Open class,#/course/${c.id}/overview,local navigation / exact scope supplied,FINAL OR RETAINED BASE / CONDITIONAL VISIBILITY — STATIC EVIDENCE,exact source href; dynamic values retained
C0292,2594,renderPlan,/plan,"<a class=""btn"" href=""#/course/${c.id}/study/test"">",Continue quiz,#/course/${c.id}/study/test,local navigation / exact scope supplied,FINAL OR RETAINED BASE / CONDITIONAL VISIBILITY — STATIC EVIDENCE,exact source href; dynamic values retained
C0293,2595,renderPlan,/plan,"<a class=""btn"" href=""#/course/${c.id}/study/test"">",Open test prep,#/course/${c.id}/study/test,local navigation / exact scope supplied,FINAL OR RETAINED BASE / CONDITIONAL VISIBILITY — STATIC EVIDENCE,exact source href; dynamic values retained
C0294,2595,renderPlan,/plan,"<a class=""btn"" href=""#/course/${c.id}/study/learn"">",Open ${esc(c.code)},#/course/${c.id}/study/learn,local navigation / exact scope supplied,FINAL OR RETAINED BASE / CONDITIONAL VISIBILITY — STATIC EVIDENCE,exact source href; dynamic values retained
C0295,2596,renderPlan,/plan,"<a class=""btn small"" href=""#/course/${c.id}/study/learn"">",Open class calendar,#/course/${c.id}/study/learn,local navigation / exact scope supplied,FINAL OR RETAINED BASE / CONDITIONAL VISIBILITY — STATIC EVIDENCE,exact source href; dynamic values retained
C0296,2641,renderAccess,/access/login|signup,"<a class=""auth-back"" href=""#/welcome"">",← Back to StudyGrid,#/welcome,"parent/up (destination, not history, unless callback says history)",FINAL OR RETAINED BASE / CONDITIONAL VISIBILITY — STATIC EVIDENCE,exact source href; dynamic values retained
C0299,2641,renderAccess,/access/login|signup,"<a href=""#/access/login"">",returning-user preview,#/access/login,global/entry,FINAL OR RETAINED BASE / CONDITIONAL VISIBILITY — STATIC EVIDENCE,exact source href; dynamic values retained
C0300,2641,renderAccess,/access/login|signup,"<a href=""#/access/signup"">",new-user preview,#/access/signup,global/entry,FINAL OR RETAINED BASE / CONDITIONAL VISIBILITY — STATIC EVIDENCE,exact source href; dynamic values retained
C0306,2642,renderAccess,/access/login|signup,"<a class=""btn primary"" href=""#/courses"">",Continue to demo,#/courses,global/entry,FINAL OR RETAINED BASE / CONDITIONAL VISIBILITY — STATIC EVIDENCE,exact source href; dynamic values retained
C0309,2655,renderProfile,/profile subroute,"<a class=""btn small"" href=""#/profile/notes"">",Notes & questions,#/profile/notes,local navigation / exact scope supplied,FINAL OR RETAINED BASE / CONDITIONAL VISIBILITY — STATIC EVIDENCE,exact source href; dynamic values retained
C0310,2655,renderProfile,/profile subroute,"<a class=""btn small"" href=""#/profile/settings"">",Settings,#/profile/settings,local navigation / exact scope supplied,FINAL OR RETAINED BASE / CONDITIONAL VISIBILITY — STATIC EVIDENCE,exact source href; dynamic values retained
C0311,2655,renderProfile,/profile subroute,"<a class=""btn small"" style=""margin-top:12px"" href=""#/course/${state.activeCourseId&&COURSES[state.activeCourseId]?state.activeCourseId:'pfp207'}/tree"">",Explore learning Tree,#/course/${state.activeCourseId&&COURSES[state.activeCourseId]?state.activeCourseId:'pfp207'}/tree,local navigation / exact scope supplied,FINAL OR RETAINED BASE / CONDITIONAL VISIBILITY — STATIC EVIDENCE,exact source href; dynamic values retained
C0312,2655,renderProfile,/profile subroute,"<a class=""btn small"" href=""#/profile/inventory"">",Open inventory,#/profile/inventory,local navigation / exact scope supplied,FINAL OR RETAINED BASE / CONDITIONAL VISIBILITY — STATIC EVIDENCE,exact source href; dynamic values retained
C0313,2655,renderProfile,/profile subroute,"<a class=""btn"" href=""#/workspace/instructor"">",Instructor preview,#/workspace/instructor,cross-role preview,FINAL OR RETAINED BASE / CONDITIONAL VISIBILITY — STATIC EVIDENCE,exact source href; dynamic values retained
C0314,2655,renderProfile,/profile subroute,"<a class=""btn"" href=""#/workspace/owner"">",Owner preview,#/workspace/owner,cross-role preview,FINAL OR RETAINED BASE / CONDITIONAL VISIBILITY — STATIC EVIDENCE,exact source href; dynamic values retained
C0315,2663,renderProfileNotes,/profile subroute,"<a class=""btn"" href=""#/profile"">",Back to profile,#/profile,"parent/up (destination, not history, unless callback says history)",FINAL OR RETAINED BASE / CONDITIONAL VISIBILITY — STATIC EVIDENCE,exact source href; dynamic values retained
C0316,2665,renderProfileNotes,/profile subroute,"<a class=""btn small"" href=""${esc(a.route||'#/courses')}"">",Go back,${esc(a.route||'#/courses')},"parent/up (destination, not history, unless callback says history)",FINAL OR RETAINED BASE / CONDITIONAL VISIBILITY — STATIC EVIDENCE,exact source href; dynamic values retained
C0318,2666,renderProfileNotes,/profile subroute,"<a class=""btn small"" href=""${esc(q.route||'#/courses')}"">",Open context,${esc(q.route||'#/courses')},command/state (see exact callback); not presumed dead,FINAL OR RETAINED BASE / CONDITIONAL VISIBILITY — STATIC EVIDENCE,exact source href; dynamic values retained
C0335,2673,renderProfileSettings,/profile subroute,"<a class=""btn small"" href=""#/tour"">",Replay tour,#/tour,local navigation / exact scope supplied,FINAL OR RETAINED BASE / CONDITIONAL VISIBILITY — STATIC EVIDENCE,exact source href; dynamic values retained
C0336,2674,renderProfileSettings,/profile subroute,"<a class=""btn"" href=""#/profile"">",Back to profile,#/profile,"parent/up (destination, not history, unless callback says history)",FINAL OR RETAINED BASE / CONDITIONAL VISIBILITY — STATIC EVIDENCE,exact source href; dynamic values retained
C0338,2691,renderInventory,/profile/inventory,"<a class=""btn"" href=""#/profile"">",Back to profile,#/profile,"parent/up (destination, not history, unless callback says history)",FINAL OR RETAINED BASE / CONDITIONAL VISIBILITY — STATIC EVIDENCE,exact source href; dynamic values retained
C0352,2773,renderDebrief,/course/:id/scenario or session-local,"<a class=""btn"" href=""#/course/pfp207/study"">",Back to study,#/course/pfp207/study,"parent/up (destination, not history, unless callback says history)",FINAL OR RETAINED BASE / CONDITIONAL VISIBILITY — STATIC EVIDENCE,exact source href; dynamic values retained
C0371,2851,renderWorkspace,global or containing function; exact owner/line retained,"<a class=""btn"" href=""#/profile"">",Back to profile,#/profile,"parent/up (destination, not history, unless callback says history)",FINAL OR RETAINED BASE / CONDITIONAL VISIBILITY — STATIC EVIDENCE,exact source href; dynamic values retained
C0427,2944,renderInstructorWorkspace,/workspace/instructor/class/:classId/:tab or instructor demo,"<a class=""btn"" href=""#/profile"">",Back to profile,#/profile,"parent/up (destination, not history, unless callback says history)",FINAL OR RETAINED BASE / CONDITIONAL VISIBILITY — STATIC EVIDENCE,exact source href; dynamic values retained
C0437,3067,renderTree,/course/:id/tree/:topicId,"<a class=""btn small"" href=""#/course/${c.id}/tree"" data-tree-browse-all data-sg-component=""tree.topic.browse_all"" data-sg-rev=""1"">",Browse all topics,#/course/${c.id}/tree,local navigation / exact scope supplied,FINAL OR RETAINED BASE / CONDITIONAL VISIBILITY — STATIC EVIDENCE,exact source href; dynamic values retained
C0438,3073,renderTreeTopicDetail,/course/:id/tree/:topicId,"<a class=""btn primary"" href=""#/course/${c.id}/study/${esc(topicId)}"" data-study-topic-id=""${esc(topicId)}"" data-study-topic-contract=""/course/${esc(c.id)}/study/${esc(topicId)}"" data-sg-component=""tree.action.study_topic"" data-sg-rev=""1"">",Study this topic,#/course/${c.id}/study/${esc(topicId)},local navigation / exact scope supplied,FINAL OR RETAINED BASE / CONDITIONAL VISIBILITY — STATIC EVIDENCE,exact source href; dynamic values retained
C0439,3073,renderTreeTopicDetail,/course/:id/tree/:topicId,"<a class=""btn"" href=""#/course/${c.id}/sources/${esc(topicId)}"">",Learn this topic,#/course/${c.id}/sources/${esc(topicId)},local navigation / exact scope supplied,FINAL OR RETAINED BASE / CONDITIONAL VISIBILITY — STATIC EVIDENCE,exact source href; dynamic values retained
C0441,3082,sgDecorateStudyTopicIntent,/course/:id/study/:purpose|topicId,"<a class=""btn"" href=""#/course/${c.id}/study/learn"">",All Study material,#/course/${c.id}/study/learn,local navigation / exact scope supplied,FINAL OR RETAINED BASE / CONDITIONAL VISIBILITY — STATIC EVIDENCE,exact source href; dynamic values retained
C0519,3407,renderWelcome,/welcome,"<a class=""btn linkish"" id=""welcomeSignIn"" href=""#/access/login"">",Sign in,#/access/login,global/entry,SUPERSEDED / NOT FINAL CONTROL PATH,exact source href; dynamic values retained
C0520,3407,renderWelcome,/welcome,"<a class=""btn small"" href=""#/tour/instructor"">",Instructor demo,#/tour/instructor,global/entry,SUPERSEDED / NOT FINAL CONTROL PATH,exact source href; dynamic values retained
C0533,3431,sgQB15AttentionMarkup,/workspace/instructor or selected instructor class,"<a class=""btn small"" href=""#${esc(sgQB15CourseRoute(x.course_id,'overview'))}"">",Review in class,"#${esc(sgQB15CourseRoute(x.course_id,'overview'))}",command/state (see exact callback); not presumed dead,FINAL OR RETAINED BASE / CONDITIONAL VISIBILITY — STATIC EVIDENCE,exact source href; dynamic values retained
C0536,3432,sgQB15TodayMarkup,/workspace/instructor or selected instructor class,"<a class=""btn small"" href=""#${esc(sgQB15CourseRoute(x.course_id,'overview'))}"">",Open class,"#${esc(sgQB15CourseRoute(x.course_id,'overview'))}",command/state (see exact callback); not presumed dead,FINAL OR RETAINED BASE / CONDITIONAL VISIBILITY — STATIC EVIDENCE,exact source href; dynamic values retained
C0537,3432,sgQB15TodayMarkup,/workspace/instructor or selected instructor class,"<a class=""btn small"" href=""#${esc(sgQB15CourseRoute(x.course_id,'overview'))}"">",Open,"#${esc(sgQB15CourseRoute(x.course_id,'overview'))}",command/state (see exact callback); not presumed dead,FINAL OR RETAINED BASE / CONDITIONAL VISIBILITY — STATIC EVIDENCE,exact source href; dynamic values retained
C0540,3433,sgQB15CourseGridMarkup,/workspace/instructor or selected instructor class,"<a class=""btn small"" href=""#${esc(sgQB15CourseRoute(c.id,'overview'))}"">",Open class,"#${esc(sgQB15CourseRoute(c.id,'overview'))}",command/state (see exact callback); not presumed dead,SUPERSEDED / NOT FINAL CONTROL PATH,exact source href; dynamic values retained
C0545,3440,renderWorkspace,global or containing function; exact owner/line retained,"<a class=""btn small"" href=""#/workspace/instructor"">",← Professor Home,#/workspace/instructor,"parent/up (destination, not history, unless callback says history)",FINAL OR RETAINED BASE / CONDITIONAL VISIBILITY — STATIC EVIDENCE,exact source href; dynamic values retained
C0546,3526,sgQB17RApplyRoleShell,global role-dependent shell,"<a class=""btn small"" href=""#/welcome"">",Exit instructor preview,#/welcome,cross-role preview,FINAL OR RETAINED BASE / CONDITIONAL VISIBILITY — STATIC EVIDENCE,exact source href; dynamic values retained
C0548,3541,sgQB17RInfoPage,/info/privacy|legal,"<a class=""btn"" href=""#/welcome"">",Welcome,#/welcome,local navigation / exact scope supplied,FINAL OR RETAINED BASE / CONDITIONAL VISIBILITY — STATIC EVIDENCE,exact source href; dynamic values retained
C0553,3547,sgQB17RHelpUpgrade,global or containing function; exact owner/line retained,"<a class=""btn small"" href=""#/info/privacy"">",Privacy & data,#/info/privacy,local navigation / exact scope supplied,FINAL OR RETAINED BASE / CONDITIONAL VISIBILITY — STATIC EVIDENCE,exact source href; dynamic values retained
C0554,3547,sgQB17RHelpUpgrade,global or containing function; exact owner/line retained,"<a class=""btn small"" href=""#/info/legal"">",Legal,#/info/legal,local navigation / exact scope supplied,FINAL OR RETAINED BASE / CONDITIONAL VISIBILITY — STATIC EVIDENCE,exact source href; dynamic values retained
C0574,3599,renderWelcome,/welcome,"<a class=""btn primary"" href=""#/access/login"">",Sign in,#/access/login,global/entry,FINAL OR RETAINED BASE / CONDITIONAL VISIBILITY — STATIC EVIDENCE,exact source href; dynamic values retained
C0575,3599,renderWelcome,/welcome,"<a class=""btn"" href=""#/start"">",Try StudyGrid,#/start,global/entry,FINAL OR RETAINED BASE / CONDITIONAL VISIBILITY — STATIC EVIDENCE,exact source href; dynamic values retained
C0576,3599,renderWelcome,/welcome,"<a class=""btn linkish"" href=""#/tour"">",Take a quick tour,#/tour,global/entry,FINAL OR RETAINED BASE / CONDITIONAL VISIBILITY — STATIC EVIDENCE,exact source href; dynamic values retained
C0577,3599,renderWelcome,/welcome,"<a class=""btn small linkish"" href=""#/tour/instructor"">",Instructor demo,#/tour/instructor,global/entry,FINAL OR RETAINED BASE / CONDITIONAL VISIBILITY — STATIC EVIDENCE,exact source href; dynamic values retained
C0588,3609,renderFirstStart,/start,"<a class=""btn"" href=""#/courses"">",Your classes,#/courses,global/entry,FINAL OR RETAINED BASE / CONDITIONAL VISIBILITY — STATIC EVIDENCE,exact source href; dynamic values retained
C0589,3609,renderFirstStart,/start,"<a class=""btn linkish"" href=""#/course/pfp207/overview"">",Explore example class,#/course/pfp207/overview,global/entry,FINAL OR RETAINED BASE / CONDITIONAL VISIBILITY — STATIC EVIDENCE,exact source href; dynamic values retained
C0592,3614,renderAddClass,/courses/add,"<a class=""btn"" href=""#/start"">",Set up school,#/start,local navigation / exact scope supplied,FINAL OR RETAINED BASE / CONDITIONAL VISIBILITY — STATIC EVIDENCE,exact source href; dynamic values retained
C0607,3622,sgQB15CourseGridMarkup,/workspace/instructor or selected instructor class,"<a class=""btn small"" href=""#${esc(sgQB15CourseRoute(c.id,'overview'))}"">",Open class,"#${esc(sgQB15CourseRoute(c.id,'overview'))}",command/state (see exact callback); not presumed dead,FINAL OR RETAINED BASE / CONDITIONAL VISIBILITY — STATIC EVIDENCE,exact source href; dynamic values retained
C0618,3645,done,global or containing function; exact owner/line retained,"<a class=""btn primary"" href=""#/start"">",Set up your workspace,#/start,local navigation / exact scope supplied,FINAL OR RETAINED BASE / CONDITIONAL VISIBILITY — STATIC EVIDENCE,exact source href; dynamic values retained
C0619,3645,done,global or containing function; exact owner/line retained,"<a class=""btn"" href=""#/workspace/instructor"">",Keep exploring demo,#/workspace/instructor,local navigation / exact scope supplied,FINAL OR RETAINED BASE / CONDITIONAL VISIBILITY — STATIC EVIDENCE,exact source href; dynamic values retained
C0633,3693,(static or inline template),global or containing function; exact owner/line retained,"<a href=""#/start"">",Replay class setup guidance ↗,#/start,local navigation / exact scope supplied,FINAL OR RETAINED BASE / CONDITIONAL VISIBILITY — STATIC EVIDENCE,exact source href; dynamic values retained
C0634,3693,(static or inline template),global or containing function; exact owner/line retained,"<a href=""#/tour"">",Replay student introduction ↗,#/tour,local navigation / exact scope supplied,FINAL OR RETAINED BASE / CONDITIONAL VISIBILITY — STATIC EVIDENCE,exact source href; dynamic values retained
C0635,3693,(static or inline template),global or containing function; exact owner/line retained,"<a href=""#/tour/instructor"">",Instructor introduction ↗,#/tour/instructor,local navigation / exact scope supplied,FINAL OR RETAINED BASE / CONDITIONAL VISIBILITY — STATIC EVIDENCE,exact source href; dynamic values retained
C0636,3693,(static or inline template),global or containing function; exact owner/line retained,"<a href=""#/profile/settings"">","Keyboard, motion & appearance ↗",#/profile/settings,local navigation / exact scope supplied,FINAL OR RETAINED BASE / CONDITIONAL VISIBILITY — STATIC EVIDENCE,exact source href; dynamic values retained
H0022,1750,renderWelcome,/welcome,document.getElementById('tryStudyGrid') ; document.getElementById('tryStudyGrid')?.addEventListener,click,()=>{captureAnalytics('welcome_direct_start');nav('/start')},global/entry,SUPERSEDED / NOT FINAL CONTROL PATH,exact callback; selectors or function parameters can be dynamic
H0023,1751,renderWelcome,/welcome,document.getElementById('startProductTour') ; document.getElementById('startProductTour')?.addEventListener,click,()=>{captureAnalytics('tour_started');nav('/tour')},global/entry,SUPERSEDED / NOT FINAL CONTROL PATH,exact callback; selectors or function parameters can be dynamic
H0036,1935,afterMount,global or containing function; exact owner/line retained,document.getElementById('tourSkip') ; document.getElementById('tourSkip')?.addEventListener,click,"e=>{e.preventDefault();if(skipped)return;skipped=true;state.onboarding.productTourSeen=true;state.onboarding.productTourSkipped=true;state.onboarding.productTourCompleted=false;captureAnalytics('tour_skipped',{step:ctl.index+1});persist('product tour skipped');nav('/start')}",local navigation / exact scope supplied,FINAL OR RETAINED BASE / CONDITIONAL VISIBILITY — STATIC EVIDENCE,exact callback; selectors or function parameters can be dynamic
H0048,2017,renderAddClass,/courses/add,document.getElementById('addClassForm') ; document.getElementById('addClassForm').addEventListener,submit,"e=>{e.preventDefault();const name=nameInput.value.trim();if(!name)return;const now=new Date().toISOString(),id='local-'+Date.now().toString(36),institution=canonicalInstitutionForSave(institutionInput.value);const c={id,name,code:codeInput.value.trim(),institution,instructor:document.getElementById('localClassInstructor').value.trim(),section:document.getElementById('localClassSection').value.trim(),term:document.getElementById('localClassTerm').value.trim(),schedule:document.getElementById('localClassSchedule').value.trim(),materialText:'',createdAt:now,updatedAt:now,lastOpenedAt:now,lastStudiedAt:null};state.localClasses=[...(state.localClasses||[]),c];state.activeCourseId=id;state.studentOnboarding={...state.studentOnboarding,role:'student',lastCreatedClassId:id,lastOpenedClassId:id,phase:'class_empty'};if(persist('local class created'))nav(`/course/${id}/overview`)}",local navigation / exact scope supplied,SUPERSEDED / NOT FINAL CONTROL PATH,exact callback; selectors or function parameters can be dynamic
H0049,2019,renderLocalCourseRoute,/course/:localId/overview|material|study,document.getElementById('localCourseBack') ; document.getElementById('localCourseBack').addEventListener,click,()=>nav('/courses'),local navigation / exact scope supplied,FINAL OR RETAINED BASE / CONDITIONAL VISIBILITY — STATIC EVIDENCE,exact callback; selectors or function parameters can be dynamic
H0051,2022,renderLocalMaterial,/course/:localId/overview|material|study,document.getElementById('localMaterialForm') ; document.getElementById('localMaterialForm').addEventListener,submit,e=>{e.preventDefault();c.materialText=document.getElementById('localClassMaterial').value.trim();c.materialUpdatedAt=new Date().toISOString();c.updatedAt=c.materialUpdatedAt;syncStudentOnboardingPhase();if(persist('local class material saved')){showToast(c.materialText?'Material saved on this device.':'Material cleared.');nav(`/course/${c.id}/overview`)}},local navigation / exact scope supplied,FINAL OR RETAINED BASE / CONDITIONAL VISIBILITY — STATIC EVIDENCE,exact callback; selectors or function parameters can be dynamic
H0052,2028,renderFirstStart,/start,document.getElementById('startBack') ; document.getElementById('startBack')?.addEventListener,click,()=>nav('/welcome'),global/entry,SUPERSEDED / NOT FINAL CONTROL PATH,exact callback; selectors or function parameters can be dynamic
H0053,2029,renderFirstStart,/start,b ; root.querySelectorAll('[data-start-route]').forEach,click,"e=>{if(e.detail>1)return;playUiSound('press');captureAnalytics('first_start_choice',{label:analyticsSafeLabel(b),destination:b.dataset.startRoute});if(b.dataset.startRoute==='/courses')state.studentOnboarding={...state.studentOnboarding,role:'student'};nav(b.dataset.startRoute)}",global/entry,SUPERSEDED / NOT FINAL CONTROL PATH,exact callback; selectors or function parameters can be dynamic
H0109,2113,(script),global or containing function; exact owner/line retained,document ; document.addEventListener,click,"e=>{const control=e.target.closest?.('a,button');if(control)lastRouteTrigger=control;const a=e.target.closest?.('a[href^=""#/""]');if(!a)return;const href=a.getAttribute('href')||'';if(shouldPreserveRouteScroll(href.slice(1))){const before=location.hash;rememberRouteScrollIfNeeded(href.slice(1),a);setTimeout(()=>{if(location.hash===before){pendingRouteScrollY=null;pendingRouteAnchor=null}},0)}}",command/state (see exact callback); not presumed dead,FINAL OR RETAINED BASE / CONDITIONAL VISIBILITY — STATIC EVIDENCE,exact callback; selectors or function parameters can be dynamic
H0110,2114,(script),global or containing function; exact owner/line retained,document ; document.addEventListener,click,"e=>{const a=e.target.closest?.('a[href^=""#/""]');if(!a)return;const r=parseRoute();if(state.currentSession?.status==='active'&&r.parts[0]==='course'&&r.parts[2]==='study'&&!a.hasAttribute('data-allow-quiz-exit')){if(a.getAttribute('href')!==location.hash){e.preventDefault();e.stopPropagation();pendingQuizExitHref=a.getAttribute('href');quizExitReturnFocus=a;const pop=document.getElementById('quizExitPopover'),rect=a.getBoundingClientRect(),w=Math.min(286,innerWidth-24);pop.style.width=`${w}px`;pop.style.left=`${Math.max(12,Math.min(innerWidth-w-12,rect.left+rect.width/2-w/2))}px`;pop.style.top=`${Math.max(70,Math.min(innerHeight-150,rect.bottom+8))}px`;pop.classList.remove('hidden');pop.querySelector('button')?.focus({preventScroll:true})}}}",command/state (see exact callback); not presumed dead,FINAL OR RETAINED BASE / CONDITIONAL VISIBILITY — STATIC EVIDENCE,exact callback; selectors or function parameters can be dynamic
H0111,2115,(script),global or containing function; exact owner/line retained,document.getElementById('pauseAndLeave') ; document.getElementById('pauseAndLeave')?.addEventListener,click,()=>{const href=pendingQuizExitHref;if(state.currentSession)pauseSession(state.currentSession);closeQuizExitPopover(false);if(href)location.hash=href},command/state (see exact callback); not presumed dead,FINAL OR RETAINED BASE / CONDITIONAL VISIBILITY — STATIC EVIDENCE,exact callback; selectors or function parameters can be dynamic
H0122,2133,renderCourses,/courses,b ; root.querySelectorAll('[data-open-local-class]').forEach,click,"()=>{const c=localClassById(b.dataset.openLocalClass);if(!c)return;state.activeCourseId=c.id;state.studentOnboarding={...state.studentOnboarding,role:'student',lastOpenedClassId:c.id};persist('local class selection');nav(`/course/${c.id}/overview`)}",local navigation / exact scope supplied,FINAL OR RETAINED BASE / CONDITIONAL VISIBILITY — STATIC EVIDENCE,exact callback; selectors or function parameters can be dynamic
H0123,2133,renderCourses,/courses,b ; root.querySelectorAll('[data-open-course]').forEach,click,()=>{state.activeCourseId=b.dataset.openCourse;persist('course selection');nav(`/course/${state.activeCourseId}/overview`)},local navigation / exact scope supplied,FINAL OR RETAINED BASE / CONDITIONAL VISIBILITY — STATIC EVIDENCE,exact callback; selectors or function parameters can be dynamic
H0124,2133,renderCourses,/courses,"root.querySelector('[data-local-back=""start""]') ; root.querySelector('[data-local-back=""start""]')?.addEventListener",click,()=>nav('/start'),local navigation / exact scope supplied,FINAL OR RETAINED BASE / CONDITIONAL VISIBILITY — STATIC EVIDENCE,exact callback; selectors or function parameters can be dynamic
H0125,2143,renderCourseRoute,/course/:id/:view (demo course shell),"root.querySelector('[data-local-back=""courses""]') ; root.querySelector('[data-local-back=""courses""]')?.addEventListener",click,()=>nav('/courses'),local navigation / exact scope supplied,FINAL OR RETAINED BASE / CONDITIONAL VISIBILITY — STATIC EVIDENCE,exact callback; selectors or function parameters can be dynamic
H0127,2153,renderOverview,global or containing function; exact owner/line retained,b ; main.querySelectorAll('[data-record-topic]').forEach,click,()=>nav(`/course/${c.id}/tree/${b.dataset.recordTopic}`),local navigation / exact scope supplied,FINAL OR RETAINED BASE / CONDITIONAL VISIBILITY — STATIC EVIDENCE,exact callback; selectors or function parameters can be dynamic
H0128,2168,renderTree,/course/:id/tree/:topicId,b ; main.querySelectorAll('[data-record-topic]').forEach,click,()=>nav(`/course/${c.id}/tree/${b.dataset.recordTopic}`),local navigation / exact scope supplied,SUPERSEDED / NOT FINAL CONTROL PATH,exact callback; selectors or function parameters can be dynamic
H0131,2257,renderClassNotes,/course/:id/notes/:noteId,document.getElementById('practiseThisClass') ; document.getElementById('practiseThisClass')?.addEventListener,click,"()=>{nav(`/course/${c.id}/study/test`);requestAnimationFrame(()=>startChapterDrill(c,note.topicId))}",local navigation / exact scope supplied,FINAL OR RETAINED BASE / CONDITIONAL VISIBILITY — STATIC EVIDENCE,exact callback; selectors or function parameters can be dynamic
H0137,2296,renderStudyStart,/course/:id/study/:purpose|topicId,a ; mount.querySelectorAll('.study-purpose-tabs a').forEach,click,"e=>{const href=a.getAttribute('href');if(!href||href===location.hash)return;e.preventDefault();const y=window.scrollY,nextView=href.split('/').at(-1),keyboard=e.detail===0;history.pushState({},'',href);a.blur();renderStudyStart(c,nextView);if(keyboard)setTimeout(()=>document.querySelector(`.study-purpose-tabs a[href=""${href}""]`)?.focus({preventScroll:true}),0);const restoreStudyScroll=()=>{const html=document.documentElement,prev=html.style.scrollBehavior;html.style.scrollBehavior='auto';window.scrollTo(0,Math.min(y,Math.max(0,html.scrollHeight-innerHeight)));requestAnimationFrame(()=>{html.style.scrollBehavior=prev})};requestAnimationFrame(()=>requestAnimationFrame(restoreStudyScroll));setTimeout(restoreStudyScroll,80);captureAnalytics('study_purpose_switch',{view:nextView})}",history command,FINAL OR RETAINED BASE / CONDITIONAL VISIBILITY — STATIC EVIDENCE,exact callback; selectors or function parameters can be dynamic
H0138,2297,renderStudyStart,/course/:id/study/:purpose|topicId,b ; mount.querySelectorAll('[data-accept-teacher-source]').forEach,click,"()=>{const u=(state.classSourceUpdates||[]).find(x=>x.sourceId===b.dataset.acceptTeacherSource);if(u)u.acknowledgedAt=new Date().toISOString();persist('teacher material accepted');showToast('Instructor material added to your study view.');renderStudyStart(c,'learn')}",command/state (see exact callback); not presumed dead,FINAL OR RETAINED BASE / CONDITIONAL VISIBILITY — STATIC EVIDENCE,exact callback; selectors or function parameters can be dynamic
H0139,2298,renderStudyStart,/course/:id/study/:purpose|topicId,b ; mount.querySelectorAll('[data-open-class-note]').forEach,click,()=>nav(`/course/${c.id}/notes/${b.dataset.openClassNote}`),local navigation / exact scope supplied,FINAL OR RETAINED BASE / CONDITIONAL VISIBILITY — STATIC EVIDENCE,exact callback; selectors or function parameters can be dynamic
H0140,2299,renderStudyStart,/course/:id/study/:purpose|topicId,b ; mount.querySelectorAll('[data-calendar-kind]').forEach,click,()=>{if(b.dataset.calendarKind==='note')nav(`/course/${c.id}/notes/${b.dataset.calendarId}`);else nav(`/course/${c.id}/study/test`)},sibling/cross-mode,FINAL OR RETAINED BASE / CONDITIONAL VISIBILITY — STATIC EVIDENCE,exact callback; selectors or function parameters can be dynamic
H0149,2304,renderStudyStart,/course/:id/study/:purpose|topicId,document.getElementById('classBoardCompose') ; document.getElementById('classBoardCompose')?.addEventListener,submit,"e=>{e.preventDefault();const text=document.getElementById('classBoardText').value.trim();if(!text){showToast('Write something useful first.');return}state.classBoardPosts=[...(state.classBoardPosts||[]),{id:'board-'+Date.now(),courseId:c.id,type:document.getElementById('classBoardType').value,text,createdAt:new Date().toISOString()}].slice(-30);persist('local class-board post added');renderStudyStart(c,'support');showToast('Post saved on this device.')}",command/state (see exact callback); not presumed dead,FINAL OR RETAINED BASE / CONDITIONAL VISIBILITY — STATIC EVIDENCE,exact callback; selectors or function parameters can be dynamic
H0151,2318,activityShell,global or containing function; exact owner/line retained,document.getElementById('backActivities') ; document.getElementById('backActivities').addEventListener,click,()=>{stopActiveMiniGame();renderStudyStart(COURSES[state.activeCourseId])},command/state (see exact callback); not presumed dead,FINAL OR RETAINED BASE / CONDITIONAL VISIBILITY — STATIC EVIDENCE,exact callback; selectors or function parameters can be dynamic
H0192,2522,renderSessionSummary,/course/:id/study; session state,document.getElementById('seeTree') ; document.getElementById('seeTree').addEventListener,click,()=>nav('/profile'),local navigation / exact scope supplied,FINAL OR RETAINED BASE / CONDITIONAL VISIBILITY — STATIC EVIDENCE,exact callback; selectors or function parameters can be dynamic
H0236,2854,renderWorkspace,global or containing function; exact owner/line retained,b ; root.querySelectorAll('[data-report-state]').forEach,click,"()=>{
      const [id,status]=b.dataset.reportState.split('|');const report=state.reports.find(x=>x.id===id);if(!report)return;
      report.status=status;report.history=report.history||[];report.history.push({state:status,at:new Date().toISOString(),note:'Local owner preview state change.'});
      if(persist('report state changed'))renderWorkspace('owner')
    }",history command,FINAL OR RETAINED BASE / CONDITIONAL VISIBILITY — STATIC EVIDENCE,exact callback; selectors or function parameters can be dynamic
H0238,2948,renderInstructorWorkspace,/workspace/instructor/class/:classId/:tab or instructor demo,b ; root.querySelectorAll('[data-teacher-cluster-send]').forEach,click,"()=>{const cluster=activeClusters[Number(b.dataset.teacherClusterSend)],text=root.querySelector(`[data-teacher-cluster-reply=""${b.dataset.teacherClusterSend}""]`)?.value.trim();if(!cluster||!text){showToast('Write a reply first.');return}const now=new Date().toISOString();cluster.items.filter(q=>!['resolved','cancelled'].includes(q.status)).forEach(q=>{q.reply=text;q.repliedAt=now;q.updatedAt=now;q.status='resolved'});persist('local cluster response saved');renderInstructorWorkspace(chosen.id,'overview');showToast('One reply resolved the similar questions in this cluster.')}",command/state (see exact callback); not presumed dead,FINAL OR RETAINED BASE / CONDITIONAL VISIBILITY — STATIC EVIDENCE,exact callback; selectors or function parameters can be dynamic
H0239,2949,renderInstructorWorkspace,/workspace/instructor/class/:classId/:tab or instructor demo,b ; root.querySelectorAll('[data-teacher-cluster-plan]').forEach,click,"()=>{const cluster=activeClusters[Number(b.dataset.teacherClusterPlan)];if(!cluster)return;const now=new Date().toISOString();cluster.items.filter(q=>!['resolved','cancelled'].includes(q.status)).forEach(q=>{q.status='planned';q.updatedAt=now});persist('teacher cluster planned for class');renderInstructorWorkspace(chosen.id,'overview')}",command/state (see exact callback); not presumed dead,FINAL OR RETAINED BASE / CONDITIONAL VISIBILITY — STATIC EVIDENCE,exact callback; selectors or function parameters can be dynamic
H0240,2950,renderInstructorWorkspace,/workspace/instructor/class/:classId/:tab or instructor demo,b ; root.querySelectorAll('[data-instructor-class]').forEach,click,"()=>renderInstructorWorkspace(b.dataset.instructorClass,tab==='students'?'students':'overview')",command/state (see exact callback); not presumed dead,FINAL OR RETAINED BASE / CONDITIONAL VISIBILITY — STATIC EVIDENCE,exact callback; selectors or function parameters can be dynamic
H0241,2951,renderInstructorWorkspace,/workspace/instructor/class/:classId/:tab or instructor demo,b ; teacherTabs.forEach,click,"e=>{const key=b.dataset.teacherTab,keyboard=e.detail===0;renderInstructorWorkspace(chosen.id,key);if(keyboard)setTimeout(()=>document.querySelector(`[data-teacher-tab=""${key}""]`)?.focus({preventScroll:true}),0)}",command/state (see exact callback); not presumed dead,FINAL OR RETAINED BASE / CONDITIONAL VISIBILITY — STATIC EVIDENCE,exact callback; selectors or function parameters can be dynamic
H0242,2951,renderInstructorWorkspace,/workspace/instructor/class/:classId/:tab or instructor demo,b ; teacherTabs.forEach,keydown,"e=>{let next=null;if(e.key==='ArrowRight')next=(i+1)%teacherTabs.length;if(e.key==='ArrowLeft')next=(i-1+teacherTabs.length)%teacherTabs.length;if(e.key==='Home')next=0;if(e.key==='End')next=teacherTabs.length-1;if(next===null)return;e.preventDefault();const key=teacherTabs[next].dataset.teacherTab;renderInstructorWorkspace(chosen.id,key);setTimeout(()=>document.querySelector(`[data-teacher-tab=""${key}""]`)?.focus({preventScroll:true}),0)}",command/state (see exact callback); not presumed dead,FINAL OR RETAINED BASE / CONDITIONAL VISIBILITY — STATIC EVIDENCE,exact callback; selectors or function parameters can be dynamic
H0244,2953,renderInstructorWorkspace,/workspace/instructor/class/:classId/:tab or instructor demo,b ; root.querySelectorAll('[data-question-review]').forEach,click,"()=>{const [qid,status]=b.dataset.questionReview.split('|');if(!QUESTIONS[qid])return;state.questionReviews=state.questionReviews||{};state.questionReviews[qid]={status,sectionId:chosen.id,updatedAt:new Date().toISOString()};persist('instructor question review state changed');renderInstructorWorkspace(chosen.id,'study')}",command/state (see exact callback); not presumed dead,FINAL OR RETAINED BASE / CONDITIONAL VISIBILITY — STATIC EVIDENCE,exact callback; selectors or function parameters can be dynamic
H0250,2969,renderInstructorWorkspace,/workspace/instructor/class/:classId/:tab or instructor demo,document.getElementById('saveClassSetup') ; document.getElementById('saveClassSetup')?.addEventListener,click,"()=>{
    const syllabus=document.getElementById('setupSyllabus')?.files?.[0];const schedule=document.getElementById('setupSchedule')?.files?.[0];
    state.instructorClassSetups[chosen.id]={cohort:document.getElementById('setupCohort').value.trim(),section:document.getElementById('setupSection').value.trim(),days:[...document.querySelectorAll('input[name=""setupDay""]:checked')].map(x=>x.value),startTime:document.getElementById('setupStartTime').value,endTime:document.getElementById('setupEndTime').value,location:document.getElementById('setupLocation').value.trim(),syllabusName:syllabus?.name||classSetup.syllabusName||'',scheduleName:schedule?.name||classSetup.scheduleName||'',updatedAt:new Date().toISOString()};
    persist('class setup saved');showToast('Class setup saved locally.');renderInstructorWorkspace(chosen.id,'overview')
  }",command/state (see exact callback); not presumed dead,FINAL OR RETAINED BASE / CONDITIONAL VISIBILITY — STATIC EVIDENCE,exact callback; selectors or function parameters can be dynamic
H0252,2978,renderInstructorWorkspace,/workspace/instructor/class/:classId/:tab or instructor demo,document.getElementById('saveDraftQuestion') ; document.getElementById('saveDraftQuestion')?.addEventListener,click,"()=>{
    const qid=document.getElementById('draftQuestion').value;const note=document.getElementById('draftNote').value.trim();
    state.questionDrafts[qid]={note,updatedAt:new Date().toISOString(),sectionId:chosen.id};
    if(persist('question draft note saved')){showToast('Edit note saved locally. The student question was not changed.');renderInstructorWorkspace(chosen.id,'study')}
  }",command/state (see exact callback); not presumed dead,FINAL OR RETAINED BASE / CONDITIONAL VISIBILITY — STATIC EVIDENCE,exact callback; selectors or function parameters can be dynamic
H0253,2983,renderInstructorWorkspace,/workspace/instructor/class/:classId/:tab or instructor demo,document.getElementById('announcementForm') ; document.getElementById('announcementForm')?.addEventListener,submit,"e=>{
    e.preventDefault();const sectionIds=[...document.querySelectorAll('input[name=""announceSection""]:checked')].map(x=>x.value);
    const body=document.getElementById('announcementBody').value.trim();if(!body||!sectionIds.length)return;
    state.announcements.push({id:'ann-'+Date.now(),courseId:chosen.courseId,title:document.getElementById('announcementTitle').value.trim()||'Class update',body,sectionIds,createdAt:new Date().toISOString(),mode:'local-preview'});
    if(persist('announcement saved locally')){showToast('Announcement added to the local preview. Nothing was sent.');renderInstructorWorkspace(chosen.id,'announcements')}
  }",command/state (see exact callback); not presumed dead,FINAL OR RETAINED BASE / CONDITIONAL VISIBILITY — STATIC EVIDENCE,exact callback; selectors or function parameters can be dynamic
H0255,2990,renderInstructorWorkspace,/workspace/instructor/class/:classId/:tab or instructor demo,document.getElementById('teacherRewardForm') ; document.getElementById('teacherRewardForm')?.addEventListener,submit,"e=>{
    e.preventDefault();const title=document.getElementById('rewardTitle').value.trim();if(!title)return;
    state.teacherRewards.push({id:'reward-'+Date.now(),classId:chosen.id,title,milestone:document.getElementById('rewardMilestone').value.trim(),status:'draft',createdAt:new Date().toISOString()});
    if(persist('teacher achievement draft saved')){showToast('Achievement saved as a local draft.');renderInstructorWorkspace(chosen.id,'rewards')}
  }",command/state (see exact callback); not presumed dead,FINAL OR RETAINED BASE / CONDITIONAL VISIBILITY — STATIC EVIDENCE,exact callback; selectors or function parameters can be dynamic
H0256,2995,renderInstructorWorkspace,/workspace/instructor/class/:classId/:tab or instructor demo,document.getElementById('instructorClassNoteForm') ; document.getElementById('instructorClassNoteForm')?.addEventListener,submit,"e=>{e.preventDefault();const noteId=document.getElementById('instructorClassNoteDate')?.value,text=(document.getElementById('instructorClassNoteText')?.value||'').trim();if(!noteId){showToast('Choose a class first.');return}state.instructorClassNotes={...(state.instructorClassNotes||{}),[noteId]:text};if(persist('instructor class note saved')){showToast(text?'Instructor note saved locally.':'Instructor note cleared.');renderInstructorWorkspace(chosen.id,'sources')}}",command/state (see exact callback); not presumed dead,FINAL OR RETAINED BASE / CONDITIONAL VISIBILITY — STATIC EVIDENCE,exact callback; selectors or function parameters can be dynamic
H0257,2996,renderInstructorWorkspace,/workspace/instructor/class/:classId/:tab or instructor demo,document.getElementById('teacherSourceForm') ; document.getElementById('teacherSourceForm')?.addEventListener,submit,"e=>{
    e.preventDefault();const file=document.getElementById('teacherSourceFile').files[0],noteId=document.getElementById('teacherSourceClass')?.value||'';
    state.instructorSourceRecords.push({id:'source-'+Date.now(),courseId:chosen.courseId,classId:chosen.id,noteId,title:document.getElementById('teacherSourceTitle').value.trim(),sourceType:document.getElementById('teacherSourceType')?.value||'Other',fileName:file?.name||'',scope:document.getElementById('teacherSourceScope').value,locator:document.getElementById('teacherSourceLocator').value.trim(),reviewState:'Ready for instructor review',publishState:'draft',uploaderRole:'instructor',authorityLabel:'Instructor provided',createdAt:new Date().toISOString()});
    if(persist('source record saved locally')){showToast('Review draft created. Publish only after checking the source.');renderInstructorWorkspace(chosen.id,'sources')}
  }",command/state (see exact callback); not presumed dead,FINAL OR RETAINED BASE / CONDITIONAL VISIBILITY — STATIC EVIDENCE,exact callback; selectors or function parameters can be dynamic
H0258,3001,renderInstructorWorkspace,/workspace/instructor/class/:classId/:tab or instructor demo,b ; root.querySelectorAll('[data-publish-source]').forEach,click,"()=>{const s=(state.instructorSourceRecords||[]).find(x=>x.id===b.dataset.publishSource);if(!s)return;s.publishState='published';s.reviewState='Published';s.publishedAt=new Date().toISOString();state.classSourceUpdates.push({id:'class-update-'+Date.now(),sourceId:s.id,courseId:s.courseId,noteId:s.noteId||'',kind:'instructor-material',createdAt:s.publishedAt,acknowledgedAt:state.materialPreferences?.teacherMaterialMode==='auto'?s.publishedAt:null});persist('instructor source published');showToast('Published in the local class preview. Students can now see the update.');renderInstructorWorkspace(chosen.id,'sources')}",command/state (see exact callback); not presumed dead,FINAL OR RETAINED BASE / CONDITIONAL VISIBILITY — STATIC EVIDENCE,exact callback; selectors or function parameters can be dynamic
H0259,3002,renderInstructorWorkspace,/workspace/instructor/class/:classId/:tab or instructor demo,b ; root.querySelectorAll('[data-approve-student-source]').forEach,click,"()=>{const s=(state.studentSourceSubmissions||[]).find(x=>x.id===b.dataset.approveStudentSource);if(!s)return;s.status='approved';s.reviewedAt=new Date().toISOString();state.classSourceUpdates.push({id:'class-update-'+Date.now(),sourceId:s.id,courseId:s.courseId,noteId:s.noteId||'',kind:'student-material-approved',createdAt:s.reviewedAt,acknowledgedAt:null});persist('student source approved');showToast('Student material approved as a supplementary class source.');renderInstructorWorkspace(chosen.id,'sources')}",command/state (see exact callback); not presumed dead,FINAL OR RETAINED BASE / CONDITIONAL VISIBILITY — STATIC EVIDENCE,exact callback; selectors or function parameters can be dynamic
H0260,3003,renderInstructorWorkspace,/workspace/instructor/class/:classId/:tab or instructor demo,b ; root.querySelectorAll('[data-reject-student-source]').forEach,click,"()=>{const s=(state.studentSourceSubmissions||[]).find(x=>x.id===b.dataset.rejectStudentSource);if(!s)return;s.status='private';s.reviewedAt=new Date().toISOString();persist('student source kept private');showToast('This contribution will not be shared class-wide.');renderInstructorWorkspace(chosen.id,'sources')}",command/state (see exact callback); not presumed dead,FINAL OR RETAINED BASE / CONDITIONAL VISIBILITY — STATIC EVIDENCE,exact callback; selectors or function parameters can be dynamic
H0261,3053,sgDecorateDemoSession,/course/:id/study; session state,b ; bar.querySelectorAll('[data-preview-persona]').forEach,click,()=>{state.previewPersona=b.dataset.previewPersona;state.demoSignedIn=true;persist('preview persona changed');nav(sgPersonaDestination(state.previewPersona))},cross-role preview,FINAL OR RETAINED BASE / CONDITIONAL VISIBILITY — STATIC EVIDENCE,exact callback; selectors or function parameters can be dynamic
H0262,3054,sgDecorateDemoSession,/course/:id/study; session state,bar.querySelector('[data-preview-signout]') ; bar.querySelector('[data-preview-signout]')?.addEventListener,click,()=>{state.demoSignedIn=false;persist('local preview signed out');nav('/welcome')},cross-role preview,FINAL OR RETAINED BASE / CONDITIONAL VISIBILITY — STATIC EVIDENCE,exact callback; selectors or function parameters can be dynamic
H0263,3068,renderTree,/course/:id/tree/:topicId,b ; main.querySelectorAll('[data-record-topic]').forEach,click,()=>nav(`/course/${c.id}/tree/${b.dataset.recordTopic}`),local navigation / exact scope supplied,FINAL OR RETAINED BASE / CONDITIONAL VISIBILITY — STATIC EVIDENCE,exact callback; selectors or function parameters can be dynamic
H0272,3149,renderStudyStart,/course/:id/study/:purpose|topicId,document.getElementById('practiceReviewToggle') ; document.getElementById('practiceReviewToggle')?.addEventListener,click,"()=>{state.practiceImmediateReview=state.practiceImmediateReview===false;persist('practice review preference changed');renderStudyStart(c,'test')}",command/state (see exact callback); not presumed dead,FINAL OR RETAINED BASE / CONDITIONAL VISIBILITY — STATIC EVIDENCE,exact callback; selectors or function parameters can be dynamic
H0273,3199,sgRenderStudySets,/workspace/instructor/class/:classId/:tab or instructor demo,document.getElementById('studySetSearch') ; document.getElementById('studySetSearch')?.addEventListener,input,e=>{sgStudySetUI.search=e.target.value;sgRenderStudySets(chosen)},command/state (see exact callback); not presumed dead,FINAL OR RETAINED BASE / CONDITIONAL VISIBILITY — STATIC EVIDENCE,exact callback; selectors or function parameters can be dynamic
H0274,3200,sgRenderStudySets,/workspace/instructor/class/:classId/:tab or instructor demo,b ; pane.querySelectorAll('[data-studyset-filter]').forEach,click,()=>{sgStudySetUI.filter=b.dataset.studysetFilter;sgStudySetUI.setId=null;sgStudySetUI.questionId=null;sgRenderStudySets(chosen)},command/state (see exact callback); not presumed dead,FINAL OR RETAINED BASE / CONDITIONAL VISIBILITY — STATIC EVIDENCE,exact callback; selectors or function parameters can be dynamic
H0275,3201,sgRenderStudySets,/workspace/instructor/class/:classId/:tab or instructor demo,b ; pane.querySelectorAll('[data-studyset-open]').forEach,click,()=>{sgStudySetUI.setId=b.dataset.studysetOpen;sgStudySetUI.questionId=null;sgRenderStudySets(chosen)},command/state (see exact callback); not presumed dead,FINAL OR RETAINED BASE / CONDITIONAL VISIBILITY — STATIC EVIDENCE,exact callback; selectors or function parameters can be dynamic
H0276,3214,sgBindStudySetDetail,/workspace/instructor/class/:classId/:tab or instructor demo,document.getElementById('reviewNextQuestion') ; document.getElementById('reviewNextQuestion')?.addEventListener,click,"()=>{const q=qs.find(q=>sgReviewMeta(chosen.id,set.revisionId,q).status!=='approved')||qs[0];if(q){sgStudySetUI.questionId=q.id;sgRenderStudySets(chosen)}}",command/state (see exact callback); not presumed dead,FINAL OR RETAINED BASE / CONDITIONAL VISIBILITY — STATIC EVIDENCE,exact callback; selectors or function parameters can be dynamic
H0277,3215,sgBindStudySetDetail,/workspace/instructor/class/:classId/:tab or instructor demo,b ; document.querySelectorAll('[data-studyset-question]').forEach,click,()=>{sgStudySetUI.questionId=b.dataset.studysetQuestion;sgRenderStudySets(chosen)},command/state (see exact callback); not presumed dead,FINAL OR RETAINED BASE / CONDITIONAL VISIBILITY — STATIC EVIDENCE,exact callback; selectors or function parameters can be dynamic
H0280,3218,sgBindStudySetDetail,/workspace/instructor/class/:classId/:tab or instructor demo,b ; document.querySelectorAll('[data-sg-review-action]').forEach,click,"()=>{const action=b.dataset.sgReviewAction,m=sgReviewMeta(chosen.id,set.revisionId,q);if(action==='edit'){const host=document.getElementById('questionReviewEditor');host.innerHTML=`<div class=""divider""></div><label><strong>Question stem</strong><textarea id=""sgEditStem"">${esc(m.rev.text)}</textarea></label><label><strong>Rationale</strong><textarea id=""sgEditRationale"">${esc(m.rev.explanation)}</textarea></label><div class=""row""><button class=""btn primary"" id=""sgSaveRevision"" data-sg-component=""studyset.question.save_revision"" data-sg-rev=""1"">Save new revision</button><button class=""btn"" id=""sgCancelRevision"">Cancel</button></div><p class=""tiny"">Saving creates a new local preview revision and requires review again. It does not silently change published/student content.</p>`;document.getElementById('sgCancelRevision')?.addEventListener('click',()=>{host.innerHTML=''});document.getElementById('sgSaveRevision')?.addEventListener('click',()=>{const stem=document.getElementById('sgEditStem').value.trim(),rat=document.getElementById('sgEditRationale').value.trim();if(!stem||!rat){showToast('Keep both the question and rationale before saving.');return}const key=`rev|${chosen.id}|${set.revisionId}|${q.id}`,prior=state.questionDrafts?.[key],seq=Number(prior?.seq||0)+1;state.questionDrafts[key]={seq,revisionId:`${q.id}-v${q.version}-local${seq}`,text:stem,explanation:rat,sourceVersionIds:[...(q.sourceVersionIds||[])],updatedAt:new Date().toISOString(),baseVersion:q.version};persist('study set question revision saved');showToast('New local revision saved. Review reset to Needs review.');sgRenderStudySets(chosen)})}
    else{const reason=action==='approved'?'':action==='needs_changes'?'Needs changes recorded in local instructor preview.':'On hold in local instructor preview.';state.questionReviews=state.questionReviews||{};state.questionReviews[sgReviewKey(chosen.id,set.revisionId,m.rev)]={status:action,classId:chosen.id,setRevisionId:set.revisionId,questionRevisionId:m.rev.revisionId,contentBinding:sgContentBinding(m.rev),reason,updatedAt:new Date().toISOString()};persist('revision-bound question review saved');if(action==='approved'){const idx=qs.findIndex(x=>x.id===q.id),next=qs.slice(idx+1).find(x=>sgReviewMeta(chosen.id,set.revisionId,x).status!=='approved')||qs.find(x=>sgReviewMeta(chosen.id,set.revisionId,x).status!=='approved');sgStudySetUI.questionId=next?.id||q.id}sgRenderStudySets(chosen)}}",command/state (see exact callback); not presumed dead,FINAL OR RETAINED BASE / CONDITIONAL VISIBILITY — STATIC EVIDENCE,exact callback; selectors or function parameters can be dynamic
H0282,3218,sgBindStudySetDetail,/workspace/instructor/class/:classId/:tab or instructor demo,document.getElementById('sgSaveRevision') ; document.querySelectorAll('[data-sg-review-action]').forEach,click,"()=>{const stem=document.getElementById('sgEditStem').value.trim(),rat=document.getElementById('sgEditRationale').value.trim();if(!stem||!rat){showToast('Keep both the question and rationale before saving.');return}const key=`rev|${chosen.id}|${set.revisionId}|${q.id}`,prior=state.questionDrafts?.[key],seq=Number(prior?.seq||0)+1;state.questionDrafts[key]={seq,revisionId:`${q.id}-v${q.version}-local${seq}`,text:stem,explanation:rat,sourceVersionIds:[...(q.sourceVersionIds||[])],updatedAt:new Date().toISOString(),baseVersion:q.version};persist('study set question revision saved');showToast('New local revision saved. Review reset to Needs review.');sgRenderStudySets(chosen)}",command/state (see exact callback); not presumed dead,FINAL OR RETAINED BASE / CONDITIONAL VISIBILITY — STATIC EVIDENCE,exact callback; selectors or function parameters can be dynamic
H0284,3224,sgEnhanceInstructorShell,/workspace/instructor/class/:classId/:tab or instructor demo,b ; b.addEventListener,click,"()=>{sgStudySetUI={filter:'all',search:'',setId:null,questionId:null};renderInstructorWorkspace(b.dataset.integratedClass,tab)}",command/state (see exact callback); not presumed dead,FINAL OR RETAINED BASE / CONDITIONAL VISIBILITY — STATIC EVIDENCE,exact callback; selectors or function parameters can be dynamic
H0285,3224,sgEnhanceInstructorShell,/workspace/instructor/class/:classId/:tab or instructor demo,panel?.querySelector('[data-all-instructor-classes]') ; panel?.querySelector('[data-all-instructor-classes]')?.addEventListener,click,"()=>{showToast('Class index remains the existing instructor preview entry point.');renderInstructorWorkspace('pfp207-a','overview')}",command/state (see exact callback); not presumed dead,FINAL OR RETAINED BASE / CONDITIONAL VISIBILITY — STATIC EVIDENCE,exact callback; selectors or function parameters can be dynamic
H0286,3377,sgR6BindDemo,/workspace/instructor/class/:classId/:tab or instructor demo,launch ; launch.addEventListener,click,"()=>{sgR6.demoActive=true;sgR6.demoStep=0;renderInstructorWorkspace(chosen.id,tab);setTimeout(()=>document.getElementById('r6DemoBar')?.scrollIntoView({block:'nearest'}),0)}",command/state (see exact callback); not presumed dead,FINAL OR RETAINED BASE / CONDITIONAL VISIBILITY — STATIC EVIDENCE,exact callback; selectors or function parameters can be dynamic
H0287,3377,sgR6BindDemo,/workspace/instructor/class/:classId/:tab or instructor demo,document.getElementById('r6DemoExit') ; document.getElementById('r6DemoExit')?.addEventListener,click,"()=>{sgR6.demoActive=false;renderInstructorWorkspace(chosen.id,tab)}",command/state (see exact callback); not presumed dead,FINAL OR RETAINED BASE / CONDITIONAL VISIBILITY — STATIC EVIDENCE,exact callback; selectors or function parameters can be dynamic
H0288,3377,sgR6BindDemo,/workspace/instructor/class/:classId/:tab or instructor demo,document.getElementById('r6DemoBack') ; document.getElementById('r6DemoBack')?.addEventListener,click,"()=>{sgR6.demoStep=Math.max(0,sgR6.demoStep-1);renderInstructorWorkspace(chosen.id,tab)}",command/state (see exact callback); not presumed dead,FINAL OR RETAINED BASE / CONDITIONAL VISIBILITY — STATIC EVIDENCE,exact callback; selectors or function parameters can be dynamic
H0299,3393,sgR6BindOverview,/workspace/instructor/class/:classId/:tab or instructor demo,document.getElementById('r6ConfirmAssessment') ; document.getElementById('r6ConfirmAssessment')?.addEventListener,click,"()=>{const canvas=document.getElementById('r6TaskCanvas'),result=StudyGridProductGateway.commands.confirmAssessment({expected_revision_id:canvas?.dataset.assessmentRevision,patch:sgR6ReadAssessmentForm(),actor_role:'instructor'}),host=document.getElementById('r6AssessmentResult');if(!result.ok){if(host)host.innerHTML=sgGatewayCommandErrorMarkup(result);announce(result.error.message);return}sgR6.assessmentConfirmed=true;sgR6History(`${result.data.title} details confirmed`,`${result.data.revision_id} resolved the assessment attention item locally. Confirmation did not publish or notify students.`);sgR6RefreshOverview(chosen,'r6TaskCanvas');announce(`${result.data.title} details confirmed. The attention item moved to history.`)}",history command,FINAL OR RETAINED BASE / CONDITIONAL VISIBILITY — STATIC EVIDENCE,exact callback; selectors or function parameters can be dynamic
H0311,3400,sgR6PaintSources,/workspace/instructor/class/:classId/:tab or instructor demo,document.getElementById('r6ReviewDetectedAssessment') ; document.getElementById('r6ReviewDetectedAssessment')?.addEventListener,click,"()=>{renderInstructorWorkspace(chosen.id,'overview');setTimeout(()=>{sgR6.view='assessment';sgR6RefreshOverview(chosen,'r6TaskCanvas')},0)}",command/state (see exact callback); not presumed dead,SUPERSEDED / NOT FINAL CONTROL PATH,exact callback; selectors or function parameters can be dynamic
H0314,3401,sgR6PaintSources,/workspace/instructor/class/:classId/:tab or instructor demo,document.getElementById('r6ReviewDetectedAssessment') ; document.getElementById('r6ReviewDetectedAssessment')?.addEventListener,click,"()=>{renderInstructorWorkspace(chosen.id,'overview');setTimeout(()=>{sgR6.view='assessment';sgR6RefreshOverview(chosen,'r6TaskCanvas')},0)}",command/state (see exact callback); not presumed dead,FINAL OR RETAINED BASE / CONDITIONAL VISIBILITY — STATIC EVIDENCE,exact callback; selectors or function parameters can be dynamic
H0317,3407,renderWelcome,/welcome,document.getElementById('tryStudyGrid') ; document.getElementById('tryStudyGrid')?.addEventListener,click,()=>{captureAnalytics('welcome_direct_start');nav('/start')},global/entry,SUPERSEDED / NOT FINAL CONTROL PATH,exact callback; selectors or function parameters can be dynamic
H0318,3407,renderWelcome,/welcome,document.getElementById('startProductTour') ; document.getElementById('startProductTour')?.addEventListener,click,()=>{captureAnalytics('tour_started');nav('/tour')},global/entry,SUPERSEDED / NOT FINAL CONTROL PATH,exact callback; selectors or function parameters can be dynamic
H0328,3416,renderAddClass,/courses/add,document.getElementById('addClassForm') ; document.getElementById('addClassForm').addEventListener,submit,"e=>{e.preventDefault();const name=nameInput.value.trim();if(!name)return;const now=new Date().toISOString(),id='local-'+Date.now().toString(36),institution=canonicalInstitutionForSave(institutionInput.value);const c={id,name,code:codeInput.value.trim(),institution,instructor:document.getElementById('localClassInstructor').value.trim(),section:document.getElementById('localClassSection').value.trim(),term:document.getElementById('localClassTerm').value.trim(),schedule:document.getElementById('localClassSchedule').value.trim(),materialText:'',createdAt:now,updatedAt:now,lastOpenedAt:now,lastStudiedAt:null};state.localClasses=[...(state.localClasses||[]),c];state.activeCourseId=id;state.studentOnboarding={...state.studentOnboarding,role:'student',lastCreatedClassId:id,lastOpenedClassId:id,phase:'class_empty'};if(persist('local class created'))nav(`/course/${id}/overview`)}",local navigation / exact scope supplied,SUPERSEDED / NOT FINAL CONTROL PATH,exact callback; selectors or function parameters can be dynamic
H0329,3422,renderCourseRoute,/course/:id/:view (demo course shell),calm ; calm.addEventListener,click,()=>nav('/courses'),local navigation / exact scope supplied,FINAL OR RETAINED BASE / CONDITIONAL VISIBILITY — STATIC EVIDENCE,exact callback; selectors or function parameters can be dynamic
H0336,3437,sgQB15BindAttention,/workspace/instructor or selected instructor class,b ; document.querySelectorAll('[data-prof-resolve]').forEach,click,"()=>{const r=StudyGridProductGateway.readModels.professorAttention(),result=StudyGridProductGateway.commands.resolveProfessorAttention({expected_revision_id:r.data.revision_id,attention_id:b.dataset.profResolve,actor_role:'instructor'});if(!result.ok){announce(result.error.message);return}const host=document.getElementById('profAttentionMount');if(host)host.innerHTML=sgQB15AttentionMarkup();sgQB15BindAttention();document.getElementById('profAttentionPanel')?.focus?.({preventScroll:true});announce('Attention item marked resolved and retained in history.')}",history command,FINAL OR RETAINED BASE / CONDITIONAL VISIBILITY — STATIC EVIDENCE,exact callback; selectors or function parameters can be dynamic
H0338,3542,sgQB17RInfoPage,/info/privacy|legal,document.getElementById('qb17rInfoBack') ; document.getElementById('qb17rInfoBack')?.addEventListener,click,()=>history.length>1?history.back():nav('/welcome'),"parent/up (destination, not history, unless callback says history)",FINAL OR RETAINED BASE / CONDITIONAL VISIBILITY — STATIC EVIDENCE,exact callback; selectors or function parameters can be dynamic
H0339,3549,sgQB17RHelpUpgrade,global or containing function; exact owner/line retained,"box.querySelector('[data-qb17r-help=""works""]') ; box.querySelector('[data-qb17r-help=""works""]')?.addEventListener",click,()=>{dialog.close?.();nav('/tour')},local navigation / exact scope supplied,FINAL OR RETAINED BASE / CONDITIONAL VISIBILITY — STATIC EVIDENCE,exact callback; selectors or function parameters can be dynamic
H0340,3550,sgQB17RHelpUpgrade,global or containing function; exact owner/line retained,"box.querySelector('[data-qb17r-help=""replay""]') ; box.querySelector('[data-qb17r-help=""replay""]')?.addEventListener",click,()=>{dialog.close?.();nav('/tour/instructor')},local navigation / exact scope supplied,FINAL OR RETAINED BASE / CONDITIONAL VISIBILITY — STATIC EVIDENCE,exact callback; selectors or function parameters can be dynamic
H0362,3610,renderFirstStart,/start,document.getElementById('startBack') ; document.getElementById('startBack')?.addEventListener,click,()=>nav('/welcome'),global/entry,FINAL OR RETAINED BASE / CONDITIONAL VISIBILITY — STATIC EVIDENCE,exact callback; selectors or function parameters can be dynamic
H0364,3610,renderFirstStart,/start,document.getElementById('qb17rCodeContinue') ; document.getElementById('qb17rCodeContinue')?.addEventListener,click,()=>nav('/course/pfp207/overview'),global/entry,FINAL OR RETAINED BASE / CONDITIONAL VISIBILITY — STATIC EVIDENCE,exact callback; selectors or function parameters can be dynamic
H0365,3610,renderFirstStart,/start,document.getElementById('qb17rSaveSchool') ; document.getElementById('qb17rSaveSchool')?.addEventListener,click,()=>{if(sgQB17RSaveSchoolContext())nav('/courses/add')},global/entry,FINAL OR RETAINED BASE / CONDITIONAL VISIBILITY — STATIC EVIDENCE,exact callback; selectors or function parameters can be dynamic
H0366,3615,renderAddClass,/courses/add,document.getElementById('addClassBack') ; document.getElementById('addClassBack')?.addEventListener,click,()=>nav('/courses'),local navigation / exact scope supplied,FINAL OR RETAINED BASE / CONDITIONAL VISIBILITY — STATIC EVIDENCE,exact callback; selectors or function parameters can be dynamic
H0367,3615,renderAddClass,/courses/add,document.getElementById('cancelAddClass') ; document.getElementById('cancelAddClass')?.addEventListener,click,()=>nav('/courses'),local navigation / exact scope supplied,FINAL OR RETAINED BASE / CONDITIONAL VISIBILITY — STATIC EVIDENCE,exact callback; selectors or function parameters can be dynamic
H0368,3615,renderAddClass,/courses/add,document.getElementById('qb17rChangeSchool') ; document.getElementById('qb17rChangeSchool')?.addEventListener,click,()=>{state.qb17rSchoolContext=null;persist('school context cleared');nav('/start')},local navigation / exact scope supplied,FINAL OR RETAINED BASE / CONDITIONAL VISIBILITY — STATIC EVIDENCE,exact callback; selectors or function parameters can be dynamic
H0372,3618,renderAddClass,/courses/add,document.getElementById('qb17rAddForm') ; document.getElementById('qb17rAddForm')?.addEventListener,submit,"e=>{e.preventDefault();const manualName=document.getElementById('qb17rManualName')?.value.trim(),manualCode=document.getElementById('qb17rManualCode')?.value.trim();const name=selected?.course_title||manualName,code=selected?.course_code||manualCode;if(!name){announce('Choose a verified course or enter a class name manually.');return}const now=new Date().toISOString(),id='local-'+Date.now().toString(36);const c={id,name,code,institution:ctx.institution,program:ctx.program,programTerm:ctx.program_term,catalogueSource:selected?{source_url:selected.source_url,source_period:selected.source_period,accessed_at:selected.accessed_at,source_type:selected.source_type}:null,manualCourse:!selected,instructor:document.getElementById('localClassInstructor')?.value.trim()||'',section:document.getElementById('localClassSection')?.value.trim()||'',term:ctx.program_term,schedule:document.getElementById('localClassSchedule')?.value.trim()||'',materialText:'',createdAt:now,updatedAt:now,lastOpenedAt:now,lastStudiedAt:null};state.localClasses=[...(state.localClasses||[]),c];state.activeCourseId=id;state.studentOnboarding={...state.studentOnboarding,role:'student',lastCreatedClassId:id,lastOpenedClassId:id,phase:'class_empty'};if(persist('local class created'))nav(`/course/${id}/overview`)}",local navigation / exact scope supplied,FINAL OR RETAINED BASE / CONDITIONAL VISIBILITY — STATIC EVIDENCE,exact callback; selectors or function parameters can be dynamic
H0379,3627,sgQB15BindAttention,/workspace/instructor or selected instructor class,b ; document.querySelectorAll('[data-prof-resolve]').forEach,click,()=>{const result=sgQB17RResolveProfessorAttention(b.dataset.profResolve);if(!result.ok){announce(result.error.message);return}const host=document.getElementById('profAttentionMount');if(host)host.innerHTML=sgQB15AttentionMarkup();sgQB15BindAttention();requestAnimationFrame(()=>document.getElementById('qb17rUndoResolve')?.focus({preventScroll:true}));announce('Attention item marked resolved and retained in history. Undo is available.')},history command,FINAL OR RETAINED BASE / CONDITIONAL VISIBILITY — STATIC EVIDENCE,exact callback; selectors or function parameters can be dynamic
H0381,3632,renderInstructorWorkspace,/workspace/instructor/class/:classId/:tab or instructor demo,fresh ; root.querySelectorAll('[data-instructor-class]').forEach,click,()=>nav(`/workspace/instructor/class/${fresh.dataset.instructorClass}/overview`),local navigation / exact scope supplied,FINAL OR RETAINED BASE / CONDITIONAL VISIBILITY — STATIC EVIDENCE,exact callback; selectors or function parameters can be dynamic
H0382,3633,renderInstructorWorkspace,/workspace/instructor/class/:classId/:tab or instructor demo,fresh ; root.querySelectorAll('[data-teacher-tab]').forEach,click,()=>nav(`/workspace/instructor/class/${chosen.id}/${fresh.dataset.teacherTab}`),local navigation / exact scope supplied,FINAL OR RETAINED BASE / CONDITIONAL VISIBILITY — STATIC EVIDENCE,exact callback; selectors or function parameters can be dynamic
H0383,3633,renderInstructorWorkspace,/workspace/instructor/class/:classId/:tab or instructor demo,fresh ; root.querySelectorAll('[data-teacher-tab]').forEach,keydown,"e=>{if(!['ArrowLeft','ArrowRight','Home','End'].includes(e.key))return;e.preventDefault();const tabs=[...root.querySelectorAll('[data-teacher-tab]')],i=tabs.indexOf(fresh),next=e.key==='Home'?tabs[0]:e.key==='End'?tabs.at(-1):tabs[(i+(e.key==='ArrowRight'?1:-1)+tabs.length)%tabs.length];nav(`/workspace/instructor/class/${chosen.id}/${next.dataset.teacherTab}`)}",local navigation / exact scope supplied,FINAL OR RETAINED BASE / CONDITIONAL VISIBILITY — STATIC EVIDENCE,exact callback; selectors or function parameters can be dynamic
H0384,3634,renderInstructorWorkspace,/workspace/instructor/class/:classId/:tab or instructor demo,fresh ; root.querySelectorAll('[data-integrated-class]').forEach,click,()=>nav(`/workspace/instructor/class/${fresh.dataset.integratedClass}/overview`),local navigation / exact scope supplied,FINAL OR RETAINED BASE / CONDITIONAL VISIBILITY — STATIC EVIDENCE,exact callback; selectors or function parameters can be dynamic
H0385,3635,renderInstructorWorkspace,/workspace/instructor/class/:classId/:tab or instructor demo,fresh ; root.querySelectorAll('[data-all-instructor-classes]').forEach,click,()=>nav('/workspace/instructor'),local navigation / exact scope supplied,FINAL OR RETAINED BASE / CONDITIONAL VISIBILITY — STATIC EVIDENCE,exact callback; selectors or function parameters can be dynamic
H0392,3660,renderSessionSummary,/course/:id/study; session state,fresh ; fresh.addEventListener,click,()=>nav(`/course/${c.id}/tree`),local navigation / exact scope supplied,FINAL OR RETAINED BASE / CONDITIONAL VISIBILITY — STATIC EVIDENCE,exact callback; selectors or function parameters can be dynamic
H0409,3720,(script),global or containing function; exact owner/line retained,open ; open.addEventListener,click,"()=>{invoker=document.activeElement;const route=location.hash;let title='A little guidance, when you need it.',copy='Open a class, then choose Learn, Test or Support. You can replay the introduction at any time.';if(route.includes('/study')||route.includes('/notes')){title='Keep help beside the material.';copy='Select confusing wording, then open the selected-text tools to ask your teacher. The keyboard fallback keeps the selected passage attached. This build uses local example data.';}else if(route.includes('instructor')){title='Review the originals. Keep the authority.';copy='This local shell contains example instructor surfaces only. Live clustering, publishing, permissions, analytics and AI services are not connected.';}else if(route.includes('/tree')){title='Learning evidence, not uploads.';copy='The existing Tree experience is unchanged in this candidate. Review its source and evidence explanations within the course.';}
 document.getElementById('vtHelpTitle').textContent=title;document.getElementById('vtHelpCopy').textContent=copy;dialog.showModal();document.getElementById('vtHelpClose').focus({preventScroll:true});}","parent/up (destination, not history, unless callback says history)",FINAL OR RETAINED BASE / CONDITIONAL VISIBILITY — STATIC EVIDENCE,exact callback; selectors or function parameters can be dynamic
